jurisdiction,includes_jails,year,prisoner_count,crime_reporting_change,crimes_estimated,state_population,violent_crime_total,murder_manslaughter,rape_legacy,rape_revised,robbery,agg_assault,property_crime_total,burglary,larceny,vehicle_theft
FEDERAL,False,2001,"149,852",,,,,,,,,,,,,
ALABAMA,False,2001,"24,741",False,False,"4,468,912","19,582",379,"1,369",,"5,584","12,250","173,253","40,642","119,992","12,619"
ALASKA,True,2001,"4,570",False,False,"633,630","3,735",39,501,,514,"2,681","23,160","3,847","16,695","2,618"
ARIZONA,False,2001,"27,710",False,False,"5,306,966","28,675",400,"1,518",,"8,868","17,889","293,874","54,821","186,850","52,203"
ARKANSAS,False,2001,"11,489",False,False,"2,694,698","12,190",148,892,,"2,181","8,969","99,106","22,196","69,590","7,320"
CALIFORNIA,False,2001,"157,142",False,False,"34,600,463","212,867","2,206","9,960",,"64,614","136,087","1,134,189","232,273","697,739","204,177"
COLORADO,False,2001,"17,278",False,False,"4,430,989","15,492",158,"1,930",,"3,555","9,849","170,887","28,533","121,360","20,994"
CONNECTICUT,True,2001,"17,507",False,False,"3,434,602","11,492",105,639,,"4,183","6,565","95,299","17,159","65,762","12,378"
DELAWARE,True,2001,"6,841",False,False,"796,599","4,868",23,420,,"1,156","3,269","27,399","5,144","19,476","2,779"
FLORIDA,False,2001,"72,404",False,False,"16,373,330","130,713",874,"6,641",,"32,867","90,331","782,517","176,052","516,548","89,917"
GEORGIA,False,2001,"45,937",False,False,"8,405,677","41,671",598,"2,180",,"14,402","24,491","347,872","71,799","238,484","37,589"
HAWAII,True,2001,"5,116",False,False,"1,227,024","3,117",32,409,,"1,142","1,534","62,830","11,162","44,925","6,743"
IDAHO,False,2001,"5,270",False,False,"1,320,585","3,211",30,425,,245,"2,511","38,181","7,507","28,285","2,389"
ILLINOIS,False,2001,"44,348",False,True,"12,520,227","79,270",982,"4,010",,"24,931","49,347","434,648","79,158","306,757","48,733"
INDIANA,False,2001,"19,646",False,False,"6,126,743","22,734",413,"1,716",,"7,171","13,434","211,548","42,758","147,291","21,499"
IOWA,False,2001,"7,962",False,False,"2,931,967","7,865",50,649,,"1,154","6,012","88,634","16,885","66,244","5,505"
KANSAS,False,2001,"8,574",False,False,"2,702,125","10,909",92,945,,"2,423","7,449","105,537","20,514","77,038","7,985"
KENTUCKY,False,2001,"10,720",False,True,"4,068,816","10,510",181,"1,051",,"3,269","6,009","107,356","26,964","71,448","8,944"
LOUISIANA,False,2001,"19,660",False,False,"4,470,368","30,678",501,"1,403",,"7,864","20,910","207,693","46,451","139,555","21,687"
MAINE,False,2001,"1,675",False,False,"1,284,470","1,435",19,326,,264,826,"33,154","6,898","24,585","1,671"
MARYLAND,False,2001,"23,739",False,False,"5,386,079","42,088",446,"1,449",,"13,525","26,668","219,512","41,553","145,934","32,025"
MASSACHUSETTS,False,2001,"10,203",False,False,"6,401,164","30,585",143,"1,856",,"6,476","22,110","167,079","32,430","106,821","27,828"
MICHIGAN,False,2001,"48,849",False,False,"10,006,266","55,424",672,"5,264",,"12,937","36,551","352,353","72,038","226,708","53,607"
MINNESOTA,False,2001,"6,406",False,False,"4,984,535","13,145",119,"2,236",,"3,758","7,032","165,046","25,496","124,519","15,031"
MISSISSIPPI,False,2001,"15,131",False,False,"2,859,733","10,006",282,"1,147",,"3,294","5,283","109,609","29,821","70,315","9,473"
MISSOURI,False,2001,"28,575",False,False,"5,637,309","30,472",372,"1,383",,"7,771","20,946","238,411","42,977","167,420","28,014"
MONTANA,False,2001,"2,795",False,False,"905,382","3,187",34,188,,230,"2,735","30,175","3,670","24,684","1,821"
NEBRASKA,False,2001,"3,915",False,False,"1,720,039","5,214",43,431,,"1,128","3,612","68,963","9,760","52,713","6,490"
NEVADA,False,2001,"9,862",False,False,"2,097,722","12,359",180,883,,"4,932","6,364","77,486","17,711","45,073","14,702"
NEW HAMPSHIRE,False,2001,"2,419",False,False,"1,259,359","2,144",17,458,,445,"1,224","27,089","4,889","20,060","2,140"
NEW JERSEY,False,2001,"26,052",False,False,"8,511,116","33,094",336,"1,278",,"14,110","17,370","240,551","46,812","156,031","37,708"
NEW MEXICO,False,2001,"5,668",False,False,"1,830,935","14,288",99,850,,"2,695","10,644","83,095","19,552","56,406","7,137"
NEW YORK,False,2001,"67,554",False,False,"19,084,350","98,022",960,"3,546",,"36,555","56,961","458,003","80,400","329,316","48,287"
NORTH CAROLINA,False,2001,"32,203",False,False,"8,206,105","40,465",505,"2,083",,"13,304","24,573","363,777","101,889","237,241","24,647"
NORTH DAKOTA,False,2001,"1,088",False,False,"636,550",505,7,164,,60,274,"14,834","2,165","11,583","1,086"
OHIO,False,2001,"44,868",False,False,"11,389,785","40,023",452,"4,466",,"17,199","17,906","435,115","96,910","295,976","42,229"
OKLAHOMA,False,2001,"21,719",False,False,"3,469,577","17,726",185,"1,486",,"2,746","13,309","141,679","34,573","94,537","12,569"
OREGON,False,2001,"10,950",False,False,"3,473,441","10,650",84,"1,174",,"2,749","6,643","164,524","26,648","123,034","14,842"
PENNSYLVANIA,False,2001,"37,641",False,False,"12,303,104","50,432",651,"3,467",,"17,500","28,814","313,408","54,345","223,350","35,713"
RHODE ISLAND,True,2001,"3,364",False,False,"1,059,659","3,278",39,416,,986,"1,837","35,742","6,824","23,875","5,043"
SOUTH CAROLINA,False,2001,"21,719",False,False,"4,062,125","33,114",330,"1,769",,"5,987","25,028","186,054","42,611","126,742","16,701"
SOUTH DAKOTA,False,2001,"2,799",False,False,"758,324","1,171",7,351,,103,710,"16,473","3,087","12,571",815
TENNESSEE,False,2001,"17,466",False,False,"5,749,398","42,776",423,"2,196",,"10,219","29,938","252,992","59,705","165,015","28,272"
TEXAS,False,2001,"148,480",False,False,"21,370,983","122,155","1,332","8,169",,"35,348","77,306","976,654","204,362","669,625","102,667"
UTAH,False,2001,"4,145",False,False,"2,278,712","5,314",67,896,,"1,197","3,154","90,993","13,804","70,676","6,513"
VERMONT,True,2001,"1,400",False,False,"612,978",644,7,107,,107,423,"16,334","3,150","12,426",758
VIRGINIA,False,2001,"31,472",False,False,"7,196,750","20,939",364,"1,770",,"6,860","11,945","207,506","31,604","157,060","18,842"
WASHINGTON,False,2001,"15,226",False,False,"5,993,390","21,258",179,"2,600",,"5,934","12,545","287,234","53,024","195,133","39,077"
WEST VIRGINIA,False,2001,"3,403",False,False,"1,800,975","5,035",40,320,,707,"3,968","41,085","9,601","28,268","3,216"
WISCONSIN,False,2001,"20,766",False,False,"5,405,947","12,486",192,"1,142",,"4,444","6,708","166,924","26,927","125,275","14,722"
WYOMING,False,2001,"1,487",False,False,"493,754","1,272",9,153,,84,"1,026","16,120","2,481","12,943",696
FEDERAL,False,2002,"158,216",,,,,,,,,,,,,
ALABAMA,False,2002,"25,100",False,False,"4,478,896","19,931",303,"1,664",,"5,962","12,002","180,400","42,578","123,932","13,890"
ALASKA,True,2002,"4,351",False,False,"641,482","3,627",33,511,,489,"2,594","24,118","3,908","17,739","2,471"
ARIZONA,False,2002,"29,359",False,False,"5,441,125","30,171",387,"1,608",,"8,000","20,176","318,296","59,087","201,541","57,668"
ARKANSAS,False,2002,"11,849",False,False,"2,706,268","11,501",142,754,,"2,524","8,081","101,171","23,229","71,129","6,813"
CALIFORNIA,False,2002,"159,695",False,False,"35,001,986","208,388","2,395","10,198",,"64,968","130,827","1,176,484","238,428","715,692","222,364"
COLORADO,False,2002,"18,636",False,False,"4,501,051","15,882",179,"2,066",,"3,579","10,058","180,054","31,678","125,193","23,183"
CONNECTICUT,True,2002,"18,716",False,False,"3,458,587","10,807",84,740,,"4,069","5,914","93,426","17,111","64,735","11,580"
DELAWARE,True,2002,"6,637",False,False,"805,945","4,836",26,358,,"1,154","3,298","26,967","5,355","18,555","3,057"
FLORIDA,False,2002,"75,210",False,False,"16,691,701","128,721",911,"6,753",,"32,581","88,476","777,236","177,242","511,478","88,516"
GEORGIA,False,2002,"47,445",False,False,"8,544,005","39,271",606,"2,108",,"13,432","23,125","346,559","73,932","234,591","38,036"
HAWAII,True,2002,"5,069",False,False,"1,240,663","3,262",24,372,,"1,210","1,656","71,976","12,722","49,344","9,910"
IDAHO,False,2002,"5,451",False,False,"1,343,124","3,419",36,497,,240,"2,646","39,128","7,441","29,060","2,627"
ILLINOIS,False,2002,"42,693",False,True,"12,586,447","75,759",961,"4,370",,"25,314","45,114","430,479","81,440","304,227","44,812"
INDIANA,False,2002,"20,349",False,False,"6,156,913","22,001",362,"1,843",,"6,612","13,184","208,965","42,605","146,073","20,287"
IOWA,False,2002,"8,398",False,False,"2,935,840","8,388",44,797,,"1,169","6,378","92,877","18,643","68,411","5,823"
KANSAS,False,2002,"8,967",False,False,"2,711,769","10,229",78,"1,035",,"2,165","6,951","100,768","19,679","73,877","7,212"
KENTUCKY,False,2002,"11,583",False,True,"4,089,822","11,101",191,"1,087",,"3,131","6,692","108,590","26,891","72,378","9,321"
LOUISIANA,False,2002,"20,010",False,False,"4,476,192","29,690",593,"1,529",,"7,123","20,445","198,838","45,350","133,302","20,186"
MAINE,False,2002,"1,855",False,False,"1,294,894","1,396",14,377,,270,735,"32,985","6,965","24,591","1,429"
MARYLAND,False,2002,"24,114",False,False,"5,450,525","42,015",513,"1,370",,"13,417","26,715","217,105","39,765","143,320","34,020"
MASSACHUSETTS,False,2002,"9,879",False,False,"6,421,800","31,137",173,"1,777",,"7,169","22,018","167,753","33,243","107,922","26,588"
MICHIGAN,False,2002,"50,591",False,False,"10,043,221","54,306",678,"5,364",,"11,847","36,417","335,060","70,970","214,367","49,723"
MINNESOTA,False,2002,"6,855",False,False,"5,024,791","13,428",112,"2,273",,"3,937","7,106","164,026","28,034","122,150","13,842"
MISSISSIPPI,False,2002,"15,355",False,False,"2,866,733","9,858",264,"1,127",,"3,356","5,111","109,584","29,593","70,468","9,523"
MISSOURI,False,2002,"29,795",False,False,"5,669,544","30,557",331,"1,465",,"7,024","21,737","230,520","42,721","159,921","27,878"
MONTANA,False,2002,"2,870",False,False,"910,372","3,197",16,237,,283,"2,661","28,751","3,289","23,679","1,783"
NEBRASKA,False,2002,"4,048",False,False,"1,727,564","5,428",48,464,,"1,359","3,557","68,178","10,329","51,440","6,409"
NEVADA,False,2002,"10,101",False,False,"2,167,455","13,856",181,928,,"5,118","7,629","83,896","18,951","47,459","17,486"
NEW HAMPSHIRE,False,2002,"2,475",False,False,"1,274,405","2,056",12,446,,413,"1,185","26,250","4,838","19,468","1,944"
NEW JERSEY,False,2002,"26,301",False,False,"8,575,252","32,252",339,"1,365",,"13,955","16,593","227,715","43,899","148,061","35,755"
NEW MEXICO,False,2002,"5,991",False,False,"1,852,044","13,719",152,"1,027",,"2,206","10,334","80,477","19,634","53,406","7,437"
NEW YORK,False,2002,"66,925",False,False,"19,134,293","95,030",909,"3,885",,"36,653","53,583","442,091","76,700","318,025","47,366"
NORTH CAROLINA,False,2002,"32,918",False,False,"8,305,820","39,118",548,"2,196",,"12,205","24,169","353,708","99,535","229,307","24,866"
NORTH DAKOTA,False,2002,"1,117",False,False,"633,911",496,5,163,,58,270,"14,762","2,243","11,501","1,018"
OHIO,False,2002,"45,284",False,False,"11,408,699","40,128",526,"4,809",,"17,871","16,922","428,976","99,164","287,045","42,767"
OKLAHOMA,False,2002,"21,996",False,False,"3,489,700","17,587",163,"1,573",,"2,966","12,885","148,128","35,171","100,185","12,772"
OREGON,False,2002,"11,650",False,False,"3,520,355","10,298",72,"1,238",,"2,742","6,246","161,145","25,696","118,925","16,524"
PENNSYLVANIA,False,2002,"39,724",False,False,"12,328,827","49,578",624,"3,731",,"17,163","28,060","300,868","55,610","212,441","32,817"
RHODE ISLAND,True,2002,"3,473",False,False,"1,068,326","3,051",41,395,,916,"1,699","35,342","6,415","24,051","4,876"
SOUTH CAROLINA,False,2002,"22,896",False,False,"4,103,770","33,761",298,"1,959",,"5,774","25,730","183,808","43,745","123,196","16,867"
SOUTH DAKOTA,False,2002,"2,943",False,False,"760,437","1,350",11,361,,117,861,"15,992","3,034","12,139",819
TENNESSEE,False,2002,"18,297",False,False,"5,789,796","41,562",420,"2,290",,"9,413","29,439","249,399","61,248","161,610","26,541"
TEXAS,False,2002,"152,446",False,False,"21,736,925","126,018","1,302","8,508",,"37,580","78,628","1,004,274","212,602","688,992","102,680"
UTAH,False,2002,"4,285",False,False,"2,318,789","5,488",47,943,,"1,140","3,358","97,641","15,124","74,795","7,722"
VERMONT,True,2002,"1,361",False,False,"616,408",658,13,126,,77,442,"14,942","3,489","10,684",769
VIRGINIA,False,2002,"30,937",False,False,"7,287,829","21,256",388,"1,839",,"6,961","12,068","207,783","31,757","157,548","18,478"
WASHINGTON,False,2002,"16,263",False,False,"6,067,060","20,964",184,"2,734",,"5,797","12,249","288,967","54,948","193,526","40,493"
WEST VIRGINIA,False,2002,"3,575",False,False,"1,804,884","4,221",57,328,,657,"3,179","41,099","9,677","27,524","3,898"
WISCONSIN,False,2002,"21,666",False,False,"5,439,692","12,238",154,"1,237",,"4,713","6,134","164,749","27,926","123,365","13,458"
WYOMING,False,2002,"1,641",False,False,"498,830","1,364",15,148,,93,"1,108","16,494","2,448","13,303",743
FEDERAL,False,2003,"168,144",,,,,,,,,,,,,
ALABAMA,False,2003,"27,614",False,False,"4,503,726","19,331",299,"1,656",,"6,038","11,338","182,241","43,245","124,039","14,957"
ALASKA,True,2003,"4,472",False,False,"648,280","3,877",39,605,,446,"2,787","24,386","3,874","18,051","2,461"
ARIZONA,False,2003,"31,084",False,False,"5,579,222","28,638",441,"1,856",,"7,619","18,722","314,335","58,613","198,725","56,997"
ARKANSAS,False,2003,"12,068",False,False,"2,727,774","12,449",180,911,,"2,227","9,131","99,084","25,016","68,061","6,007"
CALIFORNIA,False,2003,"161,785",False,False,"35,462,712","205,551","2,407","9,994",,"63,770","129,380","1,215,086","242,274","731,486","241,326"
COLORADO,False,2003,"19,450",False,False,"4,547,633","15,757",185,"1,913",,"3,738","9,921","179,706","32,394","124,496","22,816"
CONNECTICUT,True,2003,"18,023",False,False,"3,486,960","11,045",112,698,,"4,212","6,023","92,981","16,043","65,568","11,370"
DELAWARE,True,2003,"6,630",False,False,"818,166","5,525",21,370,,"1,441","3,693","27,943","6,066","18,933","2,944"
FLORIDA,False,2003,"79,594",False,False,"16,999,181","124,280",924,"6,727",,"31,523","85,106","757,696","170,644","505,489","81,563"
GEORGIA,False,2003,"47,208",False,False,"8,676,460","39,435",657,"2,234",,"14,043","22,501","369,589","79,001","247,196","43,392"
HAWAII,True,2003,"5,499",False,False,"1,248,755","3,400",22,367,,"1,168","1,843","65,867","11,409","44,807","9,651"
IDAHO,False,2003,"5,558",False,False,"1,367,034","3,362",26,535,,245,"2,556","40,042","7,837","29,559","2,646"
ILLINOIS,False,2003,"43,418",False,True,"12,649,087","70,376",895,"4,189",,"23,786","41,506","415,885","78,345","295,907","41,633"
INDIANA,False,2003,"21,345",False,False,"6,199,571","21,842",338,"1,720",,"6,401","13,383","208,039","41,582","145,686","20,771"
IOWA,False,2003,"8,546",False,False,"2,941,976","8,175",50,796,,"1,131","6,198","87,554","17,515","64,400","5,639"
KANSAS,False,2003,"9,168",False,False,"2,724,786","10,831",125,"1,085",,"2,247","7,374","109,276","21,973","79,471","7,832"
KENTUCKY,False,2003,"11,660",False,True,"4,118,189","10,232",181,"1,124",,"3,224","5,703","103,370","26,034","69,083","8,253"
LOUISIANA,False,2003,"19,498",False,False,"4,493,665","28,622",584,"1,601",,"7,008","19,429","193,698","44,572","129,471","19,655"
MAINE,False,2003,"1,974",False,False,"1,309,205","1,422",16,354,,289,763,"32,078","6,579","24,043","1,456"
MARYLAND,False,2003,"23,768",False,False,"5,512,310","38,778",525,"1,358",,"13,302","23,593","209,418","38,641","134,372","36,405"
MASSACHUSETTS,False,2003,"9,828",False,False,"6,420,357","30,377",140,"1,848",,"8,011","20,378","164,543","34,963","104,069","25,511"
MICHIGAN,False,2003,"49,358",False,False,"10,082,364","51,550",612,"5,470",,"11,254","34,214","330,565","68,316","208,538","53,711"
MINNESOTA,False,2003,"7,569",False,False,"5,064,172","13,316",127,"2,092",,"3,906","7,191","157,663","27,698","116,216","13,749"
MISSISSIPPI,False,2003,"15,863",False,False,"2,882,594","9,336",267,"1,079",,"3,016","4,974","106,867","29,564","68,307","8,996"
MISSOURI,False,2003,"29,864",False,False,"5,719,204","28,067",289,"1,400",,"6,686","19,692","233,564","41,997","161,616","29,951"
MONTANA,False,2003,"3,053",False,False,"918,157","3,351",30,246,,298,"2,777","28,428","3,722","22,800","1,906"
NEBRASKA,False,2003,"4,073",False,False,"1,737,475","5,105",56,504,,"1,165","3,380","65,189","10,133","48,924","6,132"
NEVADA,False,2003,"10,584",False,False,"2,242,207","13,813",197,871,,"5,225","7,520","96,128","21,958","53,321","20,849"
NEW HAMPSHIRE,False,2003,"2,427",False,False,"1,288,705","1,937",17,438,,480,"1,002","26,456","4,589","19,934","1,933"
NEW JERSEY,False,2003,"25,718",False,False,"8,642,412","31,488",406,"1,288",,"13,342","16,452","220,350","43,457","142,287","34,606"
NEW MEXICO,False,2003,"6,223",False,False,"1,878,562","12,535",116,940,,"1,937","9,542","76,816","18,997","50,595","7,224"
NEW YORK,False,2003,"65,388",False,False,"19,212,425","89,486",934,"3,775",,"35,790","48,987","432,079","75,453","311,422","45,204"
NORTH CAROLINA,False,2003,"33,874",False,False,"8,421,190","38,243",506,"2,139",,"12,229","23,369","359,660","100,687","232,081","26,892"
NORTH DAKOTA,False,2003,"1,100",False,False,"633,400",508,9,160,,53,286,"13,364","1,959","10,327","1,078"
OHIO,False,2003,"44,350",False,False,"11,437,680","38,185",526,"4,660",,"16,895","16,104","417,483","95,083","281,383","41,017"
OKLAHOMA,False,2003,"22,688",False,False,"3,506,469","17,758",206,"1,501",,"3,224","12,827","151,208","34,846","103,404","12,958"
OREGON,False,2003,"12,207",False,False,"3,564,330","10,506",68,"1,218",,"2,847","6,373","169,863","28,562","122,327","18,974"
PENNSYLVANIA,False,2003,"40,879",False,False,"12,370,761","49,210",647,"3,556",,"17,980","27,027","300,639","53,918","213,279","33,442"
RHODE ISLAND,True,2003,"3,576",False,False,"1,076,084","3,074",25,505,,830,"1,714","32,231","5,524","22,320","4,387"
SOUTH CAROLINA,False,2003,"22,942",False,False,"4,148,744","33,455",303,"1,952",,"5,801","25,399","187,592","43,993","127,809","15,790"
SOUTH DAKOTA,False,2003,"3,019",False,False,"764,905","1,329",10,356,,104,859,"15,324","2,878","11,572",874
TENNESSEE,False,2003,"19,141",False,False,"5,845,208","40,409",396,"2,129",,"9,413","28,471","256,565","63,323","166,769","26,473"
TEXAS,False,2003,"153,056",False,False,"22,103,374","122,246","1,422","8,025",,"37,017","75,782","1,016,735","219,877","698,644","98,214"
UTAH,False,2003,"4,623",False,False,"2,352,119","5,889",60,919,,"1,258","3,652","100,084","16,961","75,321","7,802"
VERMONT,True,2003,"1,491",False,False,"619,343",707,15,126,,62,504,"13,803","3,017","10,132",654
VIRGINIA,False,2003,"30,915",False,False,"7,365,284","20,490",416,"1,807",,"6,713","11,554","200,449","29,105","153,367","17,977"
WASHINGTON,False,2003,"16,227",False,False,"6,131,298","21,272",182,"2,863",,"5,718","12,509","291,542","58,271","192,653","40,618"
WEST VIRGINIA,False,2003,"3,790",False,False,"1,811,440","4,627",73,311,,701,"3,542","42,370","10,498","28,409","3,463"
WISCONSIN,False,2003,"22,153",False,False,"5,474,290","12,104",183,"1,202",,"4,397","6,322","157,684","26,546","118,775","12,363"
WYOMING,False,2003,"1,630",False,False,"502,111","1,314",14,136,,84,"1,080","16,648","2,611","13,239",798
FEDERAL,False,2004,"177,600",,,,,,,,,,,,,
ALABAMA,False,2004,"25,635",False,False,"4,525,375","19,324",254,"1,742",,"6,042","11,286","182,340","44,666","123,650","14,024"
ALASKA,True,2004,"4,534",False,False,"657,755","4,159",37,558,,447,"3,117","22,172","3,773","16,159","2,240"
ARIZONA,False,2004,"32,384",False,False,"5,739,879","28,952",414,"1,896",,"7,721","18,921","291,203","56,885","179,012","55,306"
ARKANSAS,False,2004,"12,577",False,False,"2,750,000","13,814",176,"1,183",,"2,372","10,083","110,911","30,151","74,242","6,518"
CALIFORNIA,False,2004,"163,939",False,False,"35,842,038","189,175","2,392","9,615",,"61,768","115,400","1,227,194","245,903","728,687","252,604"
COLORADO,False,2004,"19,655",False,False,"4,601,821","17,121",201,"1,945",,"3,739","11,236","180,322","33,010","123,308","24,004"
CONNECTICUT,True,2004,"17,993",False,False,"3,498,966","10,113",100,755,,"4,188","5,070","93,942","15,959","66,770","11,213"
DELAWARE,True,2004,"6,753",False,False,"830,069","5,105",28,357,,"1,343","3,377","27,256","5,669","19,285","2,302"
FLORIDA,False,2004,"83,165",False,False,"17,385,430","123,754",946,"6,612",,"29,997","86,199","727,141","166,332","482,484","78,325"
GEORGIA,False,2004,"51,104",False,False,"8,918,129","40,217",613,"2,387",,"13,656","23,561","376,656","82,992","249,426","44,238"
HAWAII,True,2004,"5,555",False,False,"1,262,124","3,213",33,333,,944,"1,903","60,525","10,827","41,078","8,620"
IDAHO,False,2004,"5,758",False,False,"1,395,140","3,452",31,594,,241,"2,586","38,799","7,671","28,389","2,739"
ILLINOIS,False,2004,"44,054",False,True,"12,712,016","69,365",780,"4,220",,"22,582","41,783","403,486","76,088","287,025","40,373"
INDIANA,False,2004,"21,984",False,False,"6,226,537","20,294",316,"1,803",,"6,373","11,802","211,929","42,168","148,670","21,091"
IOWA,False,2004,"8,525",False,False,"2,952,904","8,499",44,782,,"1,160","6,513","85,775","17,928","62,214","5,633"
KANSAS,False,2004,"8,991",False,False,"2,733,697","10,330",122,"1,142",,"1,812","7,254","109,771","20,146","81,115","8,510"
KENTUCKY,False,2004,"13,322",False,False,"4,141,835","10,152",236,"1,238",,"3,268","5,410","105,209","25,902","70,535","8,772"
LOUISIANA,False,2004,"19,470",False,False,"4,506,685","28,844",574,"1,616",,"6,564","20,090","199,153","45,359","134,080","19,714"
MAINE,False,2004,"2,013",False,False,"1,314,985","1,364",18,315,,289,742,"31,740","6,341","24,096","1,303"
MARYLAND,False,2004,"23,289",False,False,"5,561,332","38,961",521,"1,317",,"12,772","24,351","202,474","36,704","129,888","35,882"
MASSACHUSETTS,False,2004,"9,825",False,False,"6,407,382","29,489",171,"1,794",,"7,484","20,040","158,150","34,497","101,605","22,048"
MICHIGAN,False,2004,"48,831",False,False,"10,104,206","49,737",643,"5,482",,"11,336","32,276","309,805","64,233","194,988","50,584"
MINNESOTA,False,2004,"7,983",False,False,"5,096,546","13,751",113,"2,123",,"4,070","7,445","155,019","28,048","113,453","13,518"
MISSISSIPPI,False,2004,"16,359",False,False,"2,900,768","8,568",227,"1,161",,"2,503","4,677","100,980","27,661","65,440","7,879"
MISSOURI,False,2004,"30,682",False,False,"5,759,532","28,226",354,"1,479",,"6,630","19,763","224,629","40,472","158,264","25,893"
MONTANA,False,2004,"2,703",False,False,"926,920","2,723",30,273,,233,"2,187","27,215","3,515","22,082","1,618"
NEBRASKA,False,2004,"4,137",False,False,"1,747,704","5,393",40,620,,"1,138","3,595","61,512","9,826","46,399","5,287"
NEVADA,False,2004,"11,033",False,False,"2,332,898","14,379",172,954,,"4,905","8,348","98,215","23,142","52,438","22,635"
NEW HAMPSHIRE,False,2004,"2,443",False,False,"1,299,169","2,202",17,466,,500,"1,219","26,658","4,979","19,723","1,956"
NEW JERSEY,False,2004,"25,435",False,False,"8,685,166","30,943",392,"1,331",,"13,076","16,144","211,313","41,030","139,977","30,306"
NEW MEXICO,False,2004,"6,403",False,False,"1,903,006","13,081",169,"1,039",,"2,062","9,811","79,895","19,924","52,069","7,902"
NEW YORK,False,2004,"64,024",False,False,"19,280,727","84,914",889,"3,608",,"33,506","46,911","422,734","70,696","311,036","41,002"
NORTH CAROLINA,False,2004,"35,544",False,False,"8,540,468","38,244",532,"2,339",,"11,782","23,591","355,328","101,193","227,147","26,988"
NORTH DAKOTA,False,2004,"1,130",False,False,"636,308",558,8,177,,43,330,"12,493","2,040","9,516",937
OHIO,False,2004,"44,150",False,False,"11,450,143","38,787",506,"4,744",,"17,429","16,108","419,337","96,518","282,168","40,651"
OKLAHOMA,False,2004,"22,621",False,False,"3,523,546","17,635",186,"1,557",,"3,090","12,802","149,472","35,244","101,271","12,957"
OREGON,False,2004,"12,652",False,False,"3,591,363","10,724",90,"1,283",,"2,751","6,600","166,475","30,072","117,868","18,535"
PENNSYLVANIA,False,2004,"40,506",False,False,"12,394,471","50,998",650,"3,535",,"18,474","28,339","299,611","54,443","214,199","30,969"
RHODE ISLAND,True,2004,"3,169",False,False,"1,079,916","2,673",26,320,,731,"1,596","31,166","5,465","21,623","4,078"
SOUTH CAROLINA,False,2004,"22,650",False,False,"4,197,892","33,160",286,"1,772",,"5,468","25,634","190,456","43,739","130,991","15,726"
SOUTH DAKOTA,False,2004,"3,053",False,False,"770,621","1,319",17,336,,112,854,"14,885","3,148","10,890",847
TENNESSEE,False,2004,"19,331",False,False,"5,893,298","41,113",357,"2,282",,"8,863","29,611","254,991","60,386","169,828","24,777"
TEXAS,False,2004,"156,682",False,False,"22,471,549","121,554","1,364","8,388",,"35,817","75,985","1,010,702","220,118","696,507","94,077"
UTAH,False,2004,"4,720",False,False,"2,420,708","5,647",46,967,,"1,236","3,398","97,762","15,225","74,889","7,648"
VERMONT,True,2004,"1,968",False,False,"621,233",713,16,160,,78,459,"14,559","3,435","10,537",587
VIRGINIA,False,2004,"31,072",False,False,"7,481,332","20,608",390,"1,816",,"6,899","11,503","200,368","28,759","154,154","17,455"
WASHINGTON,False,2004,"16,503",False,False,"6,207,046","21,330",190,"2,857",,"5,866","12,417","300,837","60,632","196,972","43,233"
WEST VIRGINIA,False,2004,"3,990",False,False,"1,812,548","5,110",68,346,,774,"3,922","46,326","10,994","31,566","3,766"
WISCONSIN,False,2004,"22,152",False,False,"5,503,533","11,548",154,"1,136",,"4,067","6,191","146,710","23,854","111,482","11,374"
WYOMING,False,2004,"1,765",False,False,"505,887","1,163",11,112,,67,973,"16,889","2,738","13,352",799
FEDERAL,False,2005,"186,364",,,,,,,,,,,,,
ALABAMA,False,2005,"24,315",False,False,"4,548,327","19,678",374,"1,564",,"6,447","11,293","177,393","43,473","120,780","13,140"
ALASKA,True,2005,"4,798",False,False,"663,253","4,194",32,538,,537,"3,087","23,975","4,131","17,249","2,595"
ARIZONA,False,2005,"33,345",False,False,"5,953,007","30,478",445,"2,006",,"8,579","19,448","287,345","56,328","176,112","54,905"
ARKANSAS,False,2005,"12,455",False,False,"2,775,708","14,670",189,"1,202",,"2,532","10,747","112,914","30,118","75,510","7,286"
CALIFORNIA,False,2005,"168,035",False,False,"36,154,147","190,178","2,503","9,392",,"63,622","114,661","1,200,531","250,521","692,467","257,543"
COLORADO,False,2005,"21,063",False,False,"4,663,295","18,498",173,"2,026",,"3,948","12,351","188,449","34,746","127,602","26,101"
CONNECTICUT,True,2005,"17,928",False,False,"3,500,701","9,542",105,712,,"3,933","4,792","90,270","15,245","64,416","10,609"
DELAWARE,True,2005,"6,788",False,False,"841,741","5,332",37,377,,"1,306","3,612","26,245","5,811","18,085","2,349"
FLORIDA,False,2005,"86,559",False,False,"17,768,191","125,957",883,"6,592",,"30,141","88,341","712,998","164,783","472,912","75,303"
GEORGIA,False,2005,"48,749",False,False,"9,132,553","40,725",564,"2,143",,"14,041","23,977","378,534","84,463","249,594","44,477"
HAWAII,True,2005,"5,739",False,False,"1,273,278","3,253",24,343,,"1,001","1,885","61,115","9,792","42,188","9,135"
IDAHO,False,2005,"6,249",False,False,"1,429,367","3,670",35,577,,266,"2,792","38,556","8,066","27,606","2,884"
ILLINOIS,False,2005,"44,919",False,True,"12,765,427","70,496",770,"4,313",,"23,255","42,158","394,670","77,635","277,662","39,373"
INDIANA,False,2005,"22,760",False,False,"6,266,019","20,302",356,"1,856",,"6,809","11,281","216,778","43,756","151,278","21,744"
IOWA,False,2005,"8,737",False,False,"2,965,524","8,697",40,847,,"1,153","6,657","84,370","18,147","60,723","5,500"
KANSAS,False,2005,"9,090",False,False,"2,748,172","10,701",101,"1,098",,"1,795","7,707","104,588","19,028","76,222","9,338"
KENTUCKY,False,2005,"14,904",False,False,"4,172,608","11,134",190,"1,421",,"3,690","5,833","105,608","26,458","70,354","8,796"
LOUISIANA,False,2005,"19,371",False,False,"4,507,331","26,889",450,"1,421",,"5,337","19,681","166,611","39,382","112,840","14,389"
MAINE,False,2005,"1,970",False,False,"1,318,220","1,483",19,326,,323,815,"31,889","6,323","24,218","1,348"
MARYLAND,False,2005,"22,553",False,False,"5,589,599","39,369",552,"1,266",,"14,378","23,173","198,483","35,922","128,491","34,070"
MASSACHUSETTS,False,2005,"10,348",False,False,"6,433,367","29,644",178,"1,751",,"7,837","19,878","151,727","34,728","98,079","18,920"
MICHIGAN,False,2005,"49,493",False,False,"10,100,833","55,936",629,"5,199",,"13,348","36,760","312,892","70,527","194,090","48,275"
MINNESOTA,False,2005,"8,718",False,False,"5,126,739","15,243",115,"2,258",,"4,724","8,146","158,301","29,716","114,304","14,281"
MISSISSIPPI,False,2005,"16,089",False,False,"2,908,496","8,131",214,"1,147",,"2,405","4,365","95,231","26,866","60,873","7,492"
MISSOURI,False,2005,"30,415",False,False,"5,797,703","30,477",402,"1,625",,"7,196","21,254","227,809","42,822","159,288","25,699"
MONTANA,False,2005,"2,822",False,False,"934,737","2,634",18,301,,177,"2,138","29,407","3,642","23,794","1,971"
NEBRASKA,False,2005,"4,405",False,False,"1,758,163","5,052",44,581,,"1,040","3,387","60,348","9,408","45,359","5,581"
NEVADA,False,2005,"11,662",False,False,"2,412,301","14,654",206,"1,016",,"4,702","8,730","102,424","23,481","52,012","26,931"
NEW HAMPSHIRE,False,2005,"2,423",False,False,"1,306,819","1,761",19,406,,365,971,"24,031","4,192","18,493","1,346"
NEW JERSEY,False,2005,"25,619",False,False,"8,703,150","30,919",417,"1,208",,"13,215","16,079","203,391","38,980","136,728","27,683"
NEW MEXICO,False,2005,"6,571",False,False,"1,925,985","12,448",144,"1,041",,"1,893","9,370","79,575","20,939","50,707","7,929"
NEW YORK,False,2005,"63,032",False,False,"19,315,721","85,839",874,"3,636",,"35,179","46,150","405,990","68,034","302,220","35,736"
NORTH CAROLINA,False,2005,"36,646",False,False,"8,672,459","40,650",585,"2,302",,"12,635","25,128","353,855","104,298","221,091","28,466"
NORTH DAKOTA,False,2005,"1,318",False,False,"634,605",706,12,180,,54,460,"12,848","2,043","9,732","1,073"
OHIO,False,2005,"45,189",False,False,"11,470,685","40,162",590,"4,671",,"18,673","16,228","420,705","100,183","279,051","41,471"
OKLAHOMA,False,2005,"22,907",False,False,"3,543,442","18,044",187,"1,481",,"3,230","13,146","143,406","35,692","93,814","13,900"
OREGON,False,2005,"12,887",False,False,"3,638,871","10,444",80,"1,266",,"2,478","6,620","160,199","27,621","113,316","19,262"
PENNSYLVANIA,False,2005,"41,941",False,False,"12,405,348","52,761",756,"3,586",,"19,214","29,205","300,444","56,134","214,916","29,394"
RHODE ISLAND,True,2005,"3,414",False,False,"1,073,579","2,710",34,323,,776,"1,577","29,287","5,319","19,567","4,401"
SOUTH CAROLINA,False,2005,"22,456",False,False,"4,246,933","32,590",314,"1,862",,"5,657","24,757","185,606","42,741","126,489","16,376"
SOUTH DAKOTA,False,2005,"3,346",False,False,"774,883","1,387",18,377,,145,847,"13,694","2,505","10,350",839
TENNESSEE,False,2005,"19,270",False,False,"5,955,745","45,104",431,"2,194",,"10,009","32,470","256,093","61,508","169,357","25,228"
TEXAS,False,2005,"157,081",False,False,"22,928,508","121,091","1,407","8,511",,"35,790","75,383","990,293","219,828","677,042","93,423"
UTAH,False,2005,"5,058",False,False,"2,490,334","5,612",56,920,,"1,095","3,541","95,546","14,971","72,082","8,493"
VERMONT,True,2005,"2,078",False,False,"622,387",782,8,153,,76,545,"14,749","3,185","10,894",670
VIRGINIA,False,2005,"30,722",False,False,"7,564,327","21,434",458,"1,763",,"7,495","11,718","200,404","29,829","154,584","15,991"
WASHINGTON,False,2005,"16,781",False,False,"6,291,899","21,745",205,"2,811",,"5,788","12,941","307,661","60,343","198,031","49,287"
WEST VIRGINIA,False,2005,"4,036",False,False,"1,814,083","4,968",82,335,,816,"3,735","47,757","11,334","32,603","3,820"
WISCONSIN,False,2005,"21,921",False,False,"5,527,644","13,367",206,"1,135",,"4,555","7,471","147,556","24,448","110,531","12,577"
WYOMING,False,2005,"2,096",False,False,"508,798","1,172",14,122,,78,958,"16,070","2,426","12,905",739
FEDERAL,False,2006,"190,844",,,,,,,,,,,,,
ALABAMA,False,2006,"24,103",False,False,"4,599,030","19,553",382,"1,646",,"7,062","10,463","181,249","44,780","121,451","15,018"
ALASKA,True,2006,"5,052",False,False,"670,053","4,610",36,512,,600,"3,462","23,975","4,155","17,284","2,536"
ARIZONA,False,2006,"35,752",False,False,"6,166,318","33,456",533,"2,449",,"9,491","20,983","294,389","59,418","178,321","56,650"
ARKANSAS,False,2006,"12,854",False,False,"2,810,872","15,538",205,"1,325",,"2,749","11,259","112,025","31,864","72,646","7,515"
CALIFORNIA,False,2006,"172,298",False,False,"36,457,549","194,483","2,486","9,235",,"71,142","111,620","1,159,988","247,230","669,103","243,655"
COLORADO,False,2006,"22,051",False,False,"4,753,377","18,794",171,"2,158",,"3,824","12,641","163,439","32,411","110,372","20,656"
CONNECTICUT,True,2006,"18,902",False,False,"3,504,809","10,505",137,696,,"4,460","5,212","90,638","15,583","64,765","10,290"
DELAWARE,True,2006,"7,021",False,False,"853,476","5,983",42,417,,"1,791","3,733","29,670","6,337","20,449","2,884"
FLORIDA,False,2006,"90,377",False,False,"18,089,888","129,602","1,129","6,475",,"34,147","87,851","721,101","170,873","473,774","76,454"
GEORGIA,False,2006,"52,792",False,False,"9,363,941","44,754",605,"2,169",,"15,511","26,469","362,712","85,140","234,445","43,127"
HAWAII,True,2006,"5,510",False,False,"1,285,498","3,608",21,353,,"1,144","2,090","54,247","8,724","37,784","7,739"
IDAHO,False,2006,"6,665",False,False,"1,466,465","3,666",35,611,,294,"2,726","35,135","7,545","25,154","2,436"
ILLINOIS,False,2006,"45,106",False,True,"12,831,970","69,498",780,"4,078",,"23,782","40,858","387,478","77,259","272,578","37,641"
INDIANA,False,2006,"24,901",False,False,"6,313,520","20,303",361,"1,811",,"7,175","10,956","217,783","45,538","150,655","21,590"
IOWA,False,2006,"8,838",False,False,"2,982,085","8,521",55,871,,"1,309","6,286","84,202","18,160","60,998","5,044"
KANSAS,False,2006,"8,833",False,False,"2,764,075","11,960",125,"1,279",,"1,878","8,678","104,260","20,086","75,450","8,724"
KENTUCKY,False,2006,"15,589",False,False,"4,206,074","11,361",173,"1,312",,"3,850","6,026","109,428","27,867","72,197","9,364"
LOUISIANA,False,2006,"20,815",False,False,"4,287,768","30,923",555,"1,587",,"5,928","22,853","174,975","46,703","112,605","15,667"
MAINE,False,2006,"2,083",False,False,"1,321,574","1,533",23,341,,383,786,"33,658","6,846","25,465","1,347"
MARYLAND,False,2006,"22,662",False,False,"5,615,727","38,111",546,"1,178",,"14,376","22,011","195,484","37,459","127,502","30,523"
MASSACHUSETTS,False,2006,"10,773",False,False,"6,437,193","32,217",188,"1,771",,"8,080","22,178","153,943","35,243","100,725","17,975"
MICHIGAN,False,2006,"51,515",False,False,"10,095,643","56,981",721,"5,347",,"14,229","36,684","325,594","76,313","199,183","50,098"
MINNESOTA,False,2006,"8,814",False,False,"5,167,101","16,042",126,"1,645",,"5,441","8,830","159,276","30,306","115,693","13,277"
MISSISSIPPI,False,2006,"16,384",False,False,"2,910,540","9,076",231,"1,039",,"3,259","4,547","92,853","27,117","57,406","8,330"
MISSOURI,False,2006,"30,116",False,False,"5,842,713","31,897",369,"1,764",,"7,597","22,167","224,007","44,734","153,874","25,399"
MONTANA,False,2006,"2,948",False,False,"944,632","3,564",33,348,,233,"2,950","26,986","3,380","21,659","1,947"
NEBRASKA,False,2006,"4,399",False,False,"1,768,331","5,197",51,577,,"1,136","3,433","59,411","9,535","44,710","5,166"
NEVADA,False,2006,"12,754",False,False,"2,495,529","18,687",226,"1,092",,"7,038","10,331","102,338","24,902","50,429","27,007"
NEW HAMPSHIRE,False,2006,"2,676",False,False,"1,314,895","1,785",13,295,,435,"1,042","26,060","4,395","20,179","1,486"
NEW JERSEY,False,2006,"25,554",False,False,"8,724,560","30,550",427,"1,201",,"13,360","15,562","198,820","39,384","134,687","24,749"
NEW MEXICO,False,2006,"6,639",False,False,"1,954,599","12,797",134,"1,073",,"2,095","9,495","76,000","20,906","45,864","9,230"
NEW YORK,False,2006,"63,538",False,False,"19,306,183","84,016",922,"3,168",,"34,459","45,467","398,577","68,617","297,827","32,133"
NORTH CAROLINA,False,2006,"37,725",False,False,"8,856,505","42,088",539,"2,495",,"13,468","25,586","364,549","107,333","227,114","30,102"
NORTH DAKOTA,False,2006,"1,337",False,False,"635,867","1,255",14,241,,75,925,"13,359","2,601","9,672","1,086"
OHIO,False,2006,"48,482",False,False,"11,478,006","41,491",560,"4,770",,"19,418","16,743","423,334","105,639","279,718","37,977"
OKLAHOMA,False,2006,"22,873",False,False,"3,579,212","17,905",210,"1,488",,"3,145","13,062","129,728","34,437","81,853","13,438"
OREGON,False,2006,"13,191",False,False,"3,700,758","10,534",88,"1,219",,"2,711","6,516","137,858","24,324","98,897","14,637"
PENNSYLVANIA,False,2006,"43,971",False,False,"12,440,621","55,028",741,"3,611",,"21,095","29,581","304,589","57,739","217,142","29,708"
RHODE ISLAND,True,2006,"3,713",False,False,"1,067,610","2,460",27,289,,740,"1,404","27,914","5,453","18,852","3,609"
SOUTH CAROLINA,False,2006,"22,930",False,False,"4,321,249","33,322",362,"1,834",,"5,902","25,224","184,712","42,952","125,075","16,685"
SOUTH DAKOTA,False,2006,"3,316",False,False,"781,919","2,071",30,465,,158,"1,418","13,812","3,024","9,954",834
TENNESSEE,False,2006,"19,312",False,False,"6,038,803","46,043",419,"2,194",,"11,143","32,287","249,860","63,024","164,183","22,653"
TEXAS,False,2006,"158,510",False,False,"23,507,783","121,602","1,386","8,429",,"37,256","74,531","959,846","215,710","648,711","95,425"
UTAH,False,2006,"5,031",False,False,"2,550,063","5,771",51,891,,"1,242","3,587","89,572","14,721","66,480","8,371"
VERMONT,True,2006,"2,215",False,False,"623,908",905,14,173,,114,604,"14,920","3,443","10,857",620
VIRGINIA,False,2006,"30,823",False,False,"7,642,884","21,683",403,"1,829",,"7,779","11,672","190,257","32,166","143,292","14,799"
WASHINGTON,False,2006,"16,827",False,False,"6,395,798","22,303",197,"2,748",,"6,424","12,934","288,456","58,843","183,179","46,434"
WEST VIRGINIA,False,2006,"4,367",False,False,"1,818,470","5,113",80,404,,853,"3,776","47,941","11,579","32,305","4,057"
WISCONSIN,False,2006,"22,564",False,False,"5,556,506","15,899",165,"1,233",,"5,564","8,937","156,748","27,038","115,682","14,028"
WYOMING,False,2006,"2,035",False,False,"515,004","1,307",13,151,,72,"1,071","15,381","2,322","12,255",804
FEDERAL,False,2007,"197,285",,,,,,,,,,,,,
ALABAMA,False,2007,"25,253",False,False,"4,627,851","20,775",412,"1,548",,"7,398","11,417","184,082","45,379","124,465","14,238"
ALASKA,True,2007,"5,151",False,False,"683,478","4,520",43,545,,581,"3,351","23,096","3,734","16,929","2,433"
ARIZONA,False,2007,"37,700",False,False,"6,338,755","32,835",548,"2,353",,"9,764","20,170","287,308","59,988","177,076","50,244"
ARKANSAS,False,2007,"13,275",False,False,"2,834,797","15,226",198,"1,294",,"3,105","10,629","112,130","32,035","73,096","6,999"
CALIFORNIA,False,2007,"171,444",False,False,"36,553,215","191,561","2,262","9,046",,"70,706","109,547","1,112,510","237,850","654,526","220,134"
COLORADO,False,2007,"22,666",False,False,"4,861,515","17,101",155,"2,075",,"3,461","11,410","145,808","28,633","100,519","16,656"
CONNECTICUT,True,2007,"19,438",False,False,"3,502,309","10,547",113,690,,"4,303","5,441","86,528","15,640","60,937","9,951"
DELAWARE,True,2007,"7,110",False,False,"864,764","6,100",39,341,,"1,763","3,957","29,216","6,420","20,454","2,342"
FLORIDA,False,2007,"95,187",False,False,"18,251,243","131,878","1,202","6,149",,"38,155","86,372","746,249","181,836","490,783","73,630"
GEORGIA,False,2007,"54,256",False,False,"9,544,750","46,917",720,"2,198",,"17,291","26,708","371,248","90,294","238,436","42,518"
HAWAII,True,2007,"5,457",False,False,"1,283,388","3,544",24,377,,"1,122","2,021","52,866","9,089","37,494","6,283"
IDAHO,False,2007,"7,055",False,False,"1,499,402","3,841",49,607,,243,"2,942","34,124","7,131","24,727","2,266"
ILLINOIS,False,2007,"45,215",False,True,"12,852,548","68,528",752,"4,103",,"23,100","40,573","377,322","75,524","267,911","33,887"
INDIANA,False,2007,"25,137",False,False,"6,345,289","21,310",350,"1,738",,"7,845","11,377","213,887","46,485","147,999","19,403"
IOWA,False,2007,"8,692",False,False,"2,988,046","8,970",39,970,,"1,328","6,633","79,133","17,176","57,018","4,939"
KANSAS,False,2007,"8,721",False,False,"2,775,997","12,730",106,"1,287",,"2,022","9,315","102,961","20,461","73,900","8,600"
KENTUCKY,False,2007,"15,364",False,False,"4,241,474","12,329",206,"1,365",,"4,068","6,690","107,987","27,820","71,489","8,678"
LOUISIANA,False,2007,"20,461",False,False,"4,293,204","31,789",625,"1,427",,"6,316","23,421","180,516","46,932","118,291","15,293"
MAINE,False,2007,"2,148",False,False,"1,317,207","1,565",20,392,,349,804,"32,249","6,745","24,228","1,276"
MARYLAND,False,2007,"23,184",False,False,"5,618,344","36,063",554,"1,179",,"13,258","21,072","192,796","37,095","127,308","28,393"
MASSACHUSETTS,False,2007,"11,071",False,False,"6,449,755","28,487",187,"1,643",,"7,021","19,636","154,743","35,767","103,925","15,051"
MICHIGAN,False,2007,"50,233",False,False,"10,071,822","53,765",661,"4,592",,"13,365","35,147","308,550","75,273","191,289","41,988"
MINNESOTA,False,2007,"9,192",False,False,"5,197,621","15,054",116,"1,873",,"4,770","8,295","158,257","29,717","115,892","12,648"
MISSISSIPPI,False,2007,"17,478",False,False,"2,918,785","8,502",202,"1,033",,"2,896","4,371","90,887","27,223","56,473","7,191"
MISSOURI,False,2007,"29,823",False,False,"5,878,415","32,962",367,"1,785",,"7,728","23,082","225,113","44,897","156,319","23,897"
MONTANA,False,2007,"2,909",False,False,"957,861","3,638",27,363,,233,"3,015","27,837","3,476","22,315","2,046"
NEBRASKA,False,2007,"4,402",False,False,"1,774,571","5,524",71,550,,"1,115","3,788","55,765","9,035","41,484","5,246"
NEVADA,False,2007,"13,311",False,False,"2,565,382","19,365",193,"1,096",,"6,938","11,138","97,118","24,911","49,844","22,363"
NEW HAMPSHIRE,False,2007,"2,759",False,False,"1,315,828","1,896",12,357,,451,"1,076","26,394","5,074","19,909","1,411"
NEW JERSEY,False,2007,"25,354",False,False,"8,685,920","28,544",381,"1,032",,"12,567","14,564","192,338","37,234","133,145","21,959"
NEW MEXICO,False,2007,"6,429",False,False,"1,969,915","13,311",183,"1,028",,"2,323","9,777","75,168","20,823","45,442","8,903"
NEW YORK,False,2007,"62,738",False,False,"19,297,729","79,962",805,"2,928",,"31,085","45,144","383,624","64,914","290,681","28,029"
NORTH CAROLINA,False,2007,"38,240",False,False,"9,061,032","42,231",584,"2,386",,"13,534","25,727","369,893","108,700","233,241","27,952"
NORTH DAKOTA,False,2007,"1,392",False,False,"639,715","1,343",17,252,,75,999,"12,796","2,314","9,500",982
OHIO,False,2007,"49,894",False,False,"11,466,917","40,759",529,"4,661",,"18,351","17,218","397,681","99,049","264,677","33,955"
OKLAHOMA,False,2007,"23,778",False,False,"3,617,316","18,234",224,"1,565",,"3,392","13,053","128,714","34,367","80,747","13,600"
OREGON,False,2007,"13,373",False,False,"3,747,455","11,015",76,"1,276",,"2,864","6,799","132,773","22,979","95,157","14,637"
PENNSYLVANIA,False,2007,"45,530",False,False,"12,432,792","51,806",725,"3,443",,"19,440","28,198","293,850","56,091","211,248","26,511"
RHODE ISLAND,True,2007,"3,745",False,False,"1,057,832","2,424",19,258,,760,"1,387","27,576","5,206","19,175","3,195"
SOUTH CAROLINA,False,2007,"23,578",False,False,"4,407,709","34,630",364,"1,773",,"6,354","26,139","189,304","45,398","126,802","17,104"
SOUTH DAKOTA,False,2007,"3,276",False,False,"796,214","1,926",31,433,,118,"1,344","13,829","2,647","10,398",784
TENNESSEE,False,2007,"19,268",False,False,"6,156,719","46,482",405,"2,201",,"11,033","32,843","252,342","61,817","168,807","21,718"
TEXAS,False,2007,"158,576",False,False,"23,904,380","122,014","1,419","8,460",,"38,778","73,357","985,421","228,320","663,101","94,000"
UTAH,False,2007,"5,165",False,False,"2,645,330","6,347",59,935,,"1,425","3,928","93,082","15,594","68,573","8,915"
VERMONT,True,2007,"2,116",False,False,"621,254",802,13,128,,79,582,"14,702","3,200","10,853",649
VIRGINIA,False,2007,"32,977",False,False,"7,712,091","21,035",415,"1,793",,"7,696","11,131","191,763","32,028","145,634","14,101"
WASHINGTON,False,2007,"16,911",False,False,"6,468,424","21,768",174,"2,653",,"6,079","12,862","261,776","52,874","170,782","38,120"
WEST VIRGINIA,False,2007,"4,907",False,False,"1,812,035","5,016",65,388,,847,"3,716","45,620","10,822","31,321","3,477"
WISCONSIN,False,2007,"22,839",False,False,"5,601,640","16,330",185,"1,227",,"5,480","9,438","159,305","27,890","117,957","13,458"
WYOMING,False,2007,"1,927",False,False,"522,830","1,344",21,172,,84,"1,067","15,053","2,365","11,875",813
FEDERAL,False,2008,"198,414",,,,,,,,,,,,,
ALABAMA,False,2008,"25,363",False,False,"4,661,900","21,110",351,"1,618",,"7,346","11,795","190,416","50,411","126,539","13,466"
ALASKA,True,2008,"4,997",False,False,"686,293","4,475",27,447,,645,"3,356","20,090","3,237","15,225","1,628"
ARIZONA,False,2008,"39,455",False,False,"6,500,180","31,567",462,"2,200",,"9,809","19,096","266,653","58,606","169,460","38,587"
ARKANSAS,False,2008,"13,135",False,False,"2,855,390","14,649",165,"1,463",,"2,777","10,244","110,360","33,912","69,905","6,543"
CALIFORNIA,False,2008,"171,085",False,False,"36,756,666","185,329","2,142","8,903",,"69,388","104,896","1,080,996","237,811","650,656","192,529"
COLORADO,False,2008,"23,211",False,False,"4,939,456","17,480",165,"2,151",,"3,404","11,760","139,340","28,054","97,937","13,349"
CONNECTICUT,True,2008,"19,905",False,False,"3,501,252","10,737",132,680,,"4,043","5,882","87,210","15,107","63,212","8,891"
DELAWARE,True,2008,"6,944",False,False,"873,092","6,187",57,371,,"1,847","3,912","31,385","6,783","22,045","2,557"
FLORIDA,False,2008,"99,878",False,False,"18,328,340","126,256","1,168","5,972",,"36,268","82,848","758,889","188,472","506,902","63,515"
GEORGIA,False,2008,"52,719",False,False,"9,685,744","47,353",640,"2,334",,"17,808","26,571","387,917","100,564","247,709","39,644"
HAWAII,True,2008,"5,455",False,False,"1,288,198","3,510",26,363,,"1,085","2,036","45,944","9,404","31,424","5,116"
IDAHO,False,2008,"7,033",False,False,"1,523,816","3,680",23,579,,239,"2,839","31,940","6,748","23,532","1,660"
ILLINOIS,False,2008,"45,474",False,True,"12,901,563","67,780",790,"4,118",,"24,054","38,818","378,355","78,968","266,815","32,572"
INDIANA,False,2008,"26,392",False,False,"6,376,792","21,525",322,"1,711",,"7,580","11,912","213,639","48,805","147,334","17,500"
IOWA,False,2008,"8,723",False,False,"3,002,555","8,651",77,937,,"1,249","6,388","73,273","16,598","52,299","4,376"
KANSAS,False,2008,"8,556",False,False,"2,802,134","11,554",113,"1,226",,"1,681","8,534","94,882","19,651","67,826","7,405"
KENTUCKY,False,2008,"15,260",False,False,"4,269,245","12,690",201,"1,457",,"4,080","6,952","114,492","29,556","77,279","7,657"
LOUISIANA,False,2008,"20,857",False,False,"4,410,796","29,613",544,"1,250",,"6,241","21,578","171,179","45,524","112,091","13,564"
MAINE,False,2008,"2,047",False,False,"1,316,456","1,572",31,379,,333,829,"32,433","6,559","24,695","1,179"
MARYLAND,False,2008,"23,141",False,False,"5,633,597","35,393",493,"1,127",,"13,203","20,570","198,165","38,849","133,983","25,333"
MASSACHUSETTS,False,2008,"11,174",False,False,"6,497,967","30,137",166,"1,751",,"7,077","21,143","155,919","36,251","106,913","12,755"
MICHIGAN,False,2008,"48,738",False,False,"10,003,422","51,512",554,"4,507",,"13,246","33,205","295,100","74,787","184,558","35,755"
MINNESOTA,False,2008,"9,031",False,False,"5,220,393","13,853",110,"1,805",,"4,179","7,759","149,517","26,558","112,764","10,195"
MISSISSIPPI,False,2008,"17,896",False,False,"2,938,618","8,942",236,958,,"3,079","4,669","85,488","25,506","53,730","6,252"
MISSOURI,False,2008,"30,137",False,False,"5,911,605","29,701",456,"1,612",,"7,395","20,238","216,522","45,763","150,002","20,757"
MONTANA,False,2008,"2,910",False,False,"967,440","3,013",40,358,,204,"2,411","26,300","3,689","20,834","1,777"
NEBRASKA,False,2008,"4,470",False,False,"1,783,432","5,570",69,601,,"1,297","3,603","51,350","8,731","38,394","4,225"
NEVADA,False,2008,"12,877",False,False,"2,600,167","18,973",165,"1,106",,"6,486","11,216","90,006","24,254","49,814","15,938"
NEW HAMPSHIRE,False,2008,"2,854",False,False,"1,315,809","2,054",14,385,,421,"1,234","28,387","4,266","22,714","1,407"
NEW JERSEY,False,2008,"24,835",False,False,"8,682,661","28,351",376,"1,122",,"12,701","14,152","199,127","40,402","138,545","20,180"
NEW MEXICO,False,2008,"6,321",False,False,"1,984,356","12,967",161,"1,118",,"2,151","9,537","75,718","20,706","46,995","8,017"
NEW YORK,False,2008,"60,198",False,False,"19,490,297","77,546",836,"2,798",,"31,787","42,125","388,599","65,544","297,962","25,093"
NORTH CAROLINA,False,2008,"39,957",False,False,"9,222,414","43,125",599,"2,296",,"14,323","25,907","372,763","111,556","234,480","26,727"
NORTH DAKOTA,False,2008,"1,379",False,False,"641,481","1,441",11,331,,73,"1,026","13,029","2,336","9,782",911
OHIO,False,2008,"50,884",False,False,"11,485,910","40,436",547,"4,531",,"18,706","16,652","391,667","102,428","260,788","28,451"
OKLAHOMA,False,2008,"23,676",False,False,"3,642,361","19,359",215,"1,471",,"3,698","13,975","126,535","35,247","80,265","11,023"
OREGON,False,2008,"13,541",False,False,"3,790,060","9,909",87,"1,183",,"2,656","5,983","125,169","21,115","92,677","11,377"
PENNSYLVANIA,False,2008,"48,736",False,False,"12,448,279","51,044",705,"3,485",,"18,873","27,981","300,294","58,687","219,115","22,492"
RHODE ISLAND,True,2008,"3,739",False,False,"1,050,788","2,656",31,282,,880,"1,463","29,895","5,766","20,926","3,203"
SOUTH CAROLINA,False,2008,"23,685",False,False,"4,479,800","32,746",307,"1,686",,"6,595","24,158","189,950","45,964","126,316","17,670"
SOUTH DAKOTA,False,2008,"3,352",False,False,"804,194","2,227",37,562,,134,"1,494","13,867","2,683","10,266",918
TENNESSEE,False,2008,"19,379",False,False,"6,214,888","44,913",412,"2,078",,"10,804","31,619","251,089","65,093","166,793","19,203"
TEXAS,False,2008,"159,237",False,False,"24,326,974","123,585","1,370","8,055",,"37,739","76,421","969,865","230,046","654,435","85,384"
UTAH,False,2008,"5,132",False,False,"2,736,424","6,165",41,915,,"1,421","3,788","92,373","14,766","70,299","7,308"
VERMONT,True,2008,"2,116",False,False,"621,270",854,17,133,,93,611,"15,903","3,515","11,802",586
VIRGINIA,False,2008,"32,585",False,False,"7,769,089","20,031",370,"1,794",,"7,470","10,397","196,726","32,188","151,191","13,347"
WASHINGTON,False,2008,"17,188",False,False,"6,549,224","21,888",193,"2,653",,"6,419","12,623","249,283","53,136","167,013","29,134"
WEST VIRGINIA,False,2008,"4,896",False,False,"1,814,468","5,006",67,389,,896,"3,654","45,971","10,840","31,967","3,164"
WISCONSIN,False,2008,"22,282",False,False,"5,627,967","15,507",146,"1,128",,"5,163","9,070","155,456","27,459","116,456","11,541"
WYOMING,False,2008,"1,704",False,False,"532,668","1,330",12,185,,87,"1,046","14,515","2,198","11,584",733
FEDERAL,False,2009,"205,087",,,,,,,,,,,,,
ALABAMA,False,2009,"27,241",False,False,"4,708,708","21,194",322,"1,504",,"6,265","13,103","178,007","48,844","118,072","11,091"
ALASKA,True,2009,"5,472",False,False,"698,473","4,424",22,513,,654,"3,235","20,538","3,600","15,251","1,687"
ARIZONA,False,2009,"40,544",False,False,"6,595,778","28,128",380,"2,279",,"8,199","17,270","236,721","54,308","155,976","26,437"
ARKANSAS,False,2009,"13,338",False,False,"2,889,450","14,905",179,"1,378",,"2,576","10,772","109,078","34,753","68,228","6,097"
CALIFORNIA,False,2009,"168,830",False,False,"36,961,664","174,934","1,972","8,713",,"64,093","100,156","1,009,433","230,198","615,402","163,833"
COLORADO,False,2009,"22,725",False,False,"5,024,748","17,022",159,"2,269",,"3,371","11,223","134,196","26,637","95,079","12,480"
CONNECTICUT,True,2009,"18,938",False,False,"3,518,288","10,588",106,657,,"4,001","5,824","82,625","15,172","59,992","7,461"
DELAWARE,True,2009,"6,581",False,False,"885,122","5,713",41,395,,"1,680","3,597","29,685","6,943","20,836","1,906"
FLORIDA,False,2009,"101,373",False,False,"18,537,969","113,541","1,017","5,501",,"30,911","76,112","712,010","181,884","479,867","50,259"
GEORGIA,False,2009,"53,538",False,False,"9,829,211","42,073",566,"2,323",,"14,631","24,553","360,985","98,606","229,216","33,163"
HAWAII,True,2009,"4,848",False,False,"1,295,178","3,550",23,385,,"1,030","2,112","47,516","9,244","33,415","4,857"
IDAHO,False,2009,"7,184",False,False,"1,545,801","3,805",24,575,,254,"2,952","31,220","6,682","23,066","1,472"
ILLINOIS,False,2009,"45,161",False,True,"12,910,409","64,185",773,"3,901",,"22,923","36,588","353,347","77,850","248,821","26,676"
INDIANA,False,2009,"26,748",False,False,"6,423,113","21,455",312,"1,621",,"7,347","12,175","199,907","48,880","137,190","13,837"
IOWA,False,2009,"8,914",False,False,"3,007,856","8,485",38,890,,"1,201","6,356","70,080","16,419","49,757","3,904"
KANSAS,False,2009,"8,644",False,False,"2,818,747","11,460",125,"1,179",,"1,786","8,370","90,930","19,473","65,499","5,958"
KENTUCKY,False,2009,"14,984",False,False,"4,314,113","11,000",184,"1,531",,"3,642","5,643","108,914","29,880","72,938","6,096"
LOUISIANA,False,2009,"19,889",False,False,"4,492,076","28,878",529,"1,351",,"6,150","20,848","172,619","46,928","114,102","11,589"
MAINE,False,2009,"2,074",False,False,"1,318,301","1,580",26,375,,399,780,"31,706","6,729","23,955","1,022"
MARYLAND,False,2009,"22,066",False,False,"5,699,478","33,625",440,"1,156",,"12,007","20,022","182,295","36,905","125,771","19,619"
MASSACHUSETTS,False,2009,"11,156",False,False,"6,593,587","30,503",173,"1,734",,"7,467","21,129","153,178","34,515","106,799","11,864"
MICHIGAN,False,2009,"45,478",False,False,"9,969,727","49,825",623,"4,524",,"12,427","32,251","284,019","76,046","178,628","29,345"
MINNESOTA,False,2009,"9,500",False,False,"5,266,214","12,874",74,"1,789",,"3,619","7,392","139,286","25,580","105,160","8,546"
MISSISSIPPI,False,2009,"17,212",False,False,"2,951,996","8,451",194,991,,"2,969","4,297","87,327","29,559","52,329","5,439"
MISSOURI,False,2009,"30,519",False,False,"5,987,580","29,513",387,"1,606",,"7,437","20,083","201,783","43,591","140,764","17,428"
MONTANA,False,2009,"3,085",False,False,"974,989","2,798",32,357,,228,"2,181","24,826","3,686","19,528","1,612"
NEBRASKA,False,2009,"4,490",False,False,"1,796,619","5,199",41,617,,"1,220","3,321","49,731","8,726","37,496","3,509"
NEVADA,False,2009,"12,570",False,False,"2,643,085","18,639",156,"1,024",,"6,028","11,431","80,976","22,115","46,463","12,398"
NEW HAMPSHIRE,False,2009,"2,915",False,False,"1,324,575","2,125",11,399,,454,"1,261","28,790","4,915","22,748","1,127"
NEW JERSEY,False,2009,"24,115",False,False,"8,707,739","27,113",319,"1,041",,"11,639","14,114","180,752","36,945","128,303","15,504"
NEW MEXICO,False,2009,"6,584",False,False,"2,009,671","12,709",198,"1,069",,"1,932","9,510","74,639","21,955","46,182","6,502"
NEW YORK,False,2009,"58,479",False,False,"19,541,453","75,110",781,"2,582",,"28,141","43,606","377,537","62,769","292,897","21,871"
NORTH CAROLINA,False,2009,"40,133",False,False,"9,380,884","37,946",489,"2,306",,"11,825","23,326","343,707","107,830","215,923","19,954"
NORTH DAKOTA,False,2009,"1,436",False,False,"646,844","1,723",12,296,,107,"1,308","12,813","2,426","9,474",913
OHIO,False,2009,"50,783",False,False,"11,542,645","38,305",527,"4,119",,"17,670","15,989","376,446","104,009","249,777","22,660"
OKLAHOMA,False,2009,"24,053",False,False,"3,687,050","18,560",234,"1,535",,"3,358","13,433","132,350","38,071","83,813","10,466"
OREGON,False,2009,"13,735",False,False,"3,825,657","9,968",88,"1,202",,"2,499","6,179","114,780","19,739","85,064","9,977"
PENNSYLVANIA,False,2009,"50,485",False,False,"12,604,767","48,188",664,"3,626",,"17,504","26,394","277,182","54,772","204,588","17,822"
RHODE ISLAND,True,2009,"3,413",False,False,"1,053,209","2,678",32,296,,785,"1,565","27,558","5,753","19,403","2,402"
SOUTH CAROLINA,False,2009,"23,685",False,False,"4,561,242","30,799",305,"1,663",,"5,753","23,078","178,310","45,443","119,250","13,617"
SOUTH DAKOTA,False,2009,"3,390",False,False,"812,383","1,777",30,501,,117,"1,129","14,378","2,621","10,891",866
TENNESSEE,False,2009,"19,932",False,False,"6,296,254","41,933",468,"2,019",,"9,653","29,793","237,157","63,832","158,309","15,016"
TEXAS,False,2009,"158,542",False,False,"24,782,302","121,684","1,330","8,311",,"38,022","74,021","995,082","240,058","678,455","76,569"
UTAH,False,2009,"5,244",False,False,"2,784,572","5,998",39,941,,"1,304","3,714","91,751","15,258","69,556","6,937"
VERMONT,True,2009,"2,220",False,False,"621,760",837,8,132,,111,586,"15,010","3,471","11,090",449
VIRGINIA,False,2009,"30,995",False,False,"7,882,590","18,195",370,"1,572",,"6,342","9,911","194,020","31,956","150,374","11,690"
WASHINGTON,False,2009,"17,255",False,False,"6,664,195","22,412",190,"2,583",,"6,711","12,928","245,215","53,047","168,421","23,747"
WEST VIRGINIA,False,2009,"5,062",False,False,"1,819,777","5,554",84,470,,914,"4,086","46,215","12,005","31,453","2,757"
WISCONSIN,False,2009,"22,262",False,False,"5,654,774","14,650",146,"1,118",,"4,904","8,482","147,692","26,813","111,947","8,932"
WYOMING,False,2009,"1,743",False,False,"544,270","1,196",11,172,,78,935,"14,243","2,176","11,310",757
FEDERAL,False,2010,"206,968",,,,,,,,,,,,,
ALABAMA,False,2010,"27,345",False,False,"4,785,401","18,363",275,"1,355",,"4,864","11,869","168,828","42,484","115,564","10,780"
ALASKA,True,2010,"5,369",False,False,"714,146","4,537",31,533,,594,"3,379","20,259","3,105","15,535","1,619"
ARIZONA,False,2010,"40,130",False,False,"6,413,158","26,528",408,"2,191",,"6,953","16,976","226,802","50,932","154,137","21,733"
ARKANSAS,False,2010,"14,192",False,False,"2,921,588","14,711",134,"1,321",,"2,369","10,887","103,820","32,463","65,796","5,561"
CALIFORNIA,False,2010,"162,821",False,False,"37,338,198","164,133","1,809","8,331",,"58,116","95,877","981,939","228,857","600,558","152,524"
COLORADO,False,2010,"22,752",False,False,"5,047,692","16,339",129,"2,230",,"3,164","10,816","135,001","26,196","97,534","11,271"
CONNECTICUT,True,2010,"18,629",False,False,"3,575,498","10,083",133,595,,"3,553","5,802","78,259","15,145","56,413","6,701"
DELAWARE,True,2010,"6,378",False,False,"899,792","5,608",51,326,,"1,839","3,392","31,078","7,550","21,593","1,935"
FLORIDA,False,2010,"102,070",False,False,"18,838,613","101,969",987,"5,373",,"26,086","69,523","669,035","169,119","458,454","41,462"
GEORGIA,False,2010,"52,794",False,False,"9,712,157","39,068",555,"2,107",,"12,372","24,034","353,449","96,947","226,161","30,341"
HAWAII,True,2010,"5,294",False,False,"1,363,359","3,603",25,377,,"1,065","2,136","45,667","8,706","31,681","5,280"
IDAHO,False,2010,"7,235",False,False,"1,571,102","3,464",22,533,,213,"2,696","31,436","6,513","23,594","1,329"
ILLINOIS,False,2010,"48,418",False,True,"12,841,980","57,132",704,"3,066",,"20,386","32,976","349,064","77,472","242,681","28,911"
INDIANA,False,2010,"27,273",False,False,"6,490,622","20,983",268,"1,760",,"6,559","12,396","199,274","48,570","137,204","13,500"
IOWA,False,2010,"9,457",False,False,"3,050,202","8,191",38,883,,"1,012","6,258","68,740","16,746","48,194","3,800"
KANSAS,False,2010,"9,055",False,False,"2,859,143","10,602",97,"1,146",,"1,538","7,821","89,109","19,315","63,774","6,020"
KENTUCKY,False,2010,"14,501",False,False,"4,347,223","10,604",188,"1,438",,"3,748","5,230","111,170","30,443","74,488","6,239"
LOUISIANA,False,2010,"19,008",False,False,"4,545,343","25,241",500,"1,230",,"5,297","18,214","165,667","45,437","110,260","9,970"
MAINE,False,2010,"1,954",False,False,"1,327,379","1,621",24,389,,412,796,"32,900","7,364","24,547",989
MARYLAND,False,2010,"22,856",False,False,"5,785,681","31,607",426,"1,228",,"11,054","18,899","173,309","36,704","118,578","18,027"
MASSACHUSETTS,False,2010,"11,162",False,False,"6,555,466","30,737",214,"1,784",,"6,897","21,842","154,496","37,903","105,124","11,469"
MICHIGAN,False,2010,"44,113",False,False,"9,877,143","48,693",580,"4,733",,"11,522","31,858","271,501","74,345","169,748","27,408"
MINNESOTA,False,2010,"9,397",False,False,"5,310,658","12,515",96,"1,798",,"3,388","7,233","136,431","24,415","103,429","8,587"
MISSISSIPPI,False,2010,"16,454",False,False,"2,970,072","7,999",204,931,,"2,777","4,087","88,596","30,453","52,784","5,359"
MISSOURI,False,2010,"30,577",False,False,"5,995,715","27,440",420,"1,445",,"6,185","19,390","200,858","44,197","140,526","16,135"
MONTANA,False,2010,"3,137",False,False,"990,958","2,733",25,332,,154,"2,222","25,409","3,692","20,166","1,551"
NEBRASKA,False,2010,"4,608",False,False,"1,830,141","5,093",54,674,,"1,020","3,345","48,827","8,318","36,896","3,613"
NEVADA,False,2010,"12,192",False,False,"2,704,283","17,929",158,965,,"5,298","11,508","75,004","22,286","42,533","10,185"
NEW HAMPSHIRE,False,2010,"2,617",False,False,"1,316,807","2,204",13,411,,450,"1,330","29,230","5,444","22,789",997
NEW JERSEY,False,2010,"24,488",False,False,"8,799,593","27,055",371,981,,"11,818","13,885","183,042","38,732","128,754","15,556"
NEW MEXICO,False,2010,"6,659",False,False,"2,065,913","12,147",140,959,,"1,616","9,432","70,776","21,023","44,503","5,250"
NEW YORK,False,2010,"56,420",False,False,"19,395,206","76,492",868,"2,797",,"28,630","44,197","379,710","65,839","293,232","20,639"
NORTH CAROLINA,False,2010,"40,375",False,False,"9,560,234","34,679",474,"2,002",,"9,620","22,583","329,202","102,826","208,057","18,319"
NORTH DAKOTA,False,2010,"1,416",False,False,"674,629","1,548",10,245,,90,"1,203","12,010","2,000","9,137",873
OHIO,False,2010,"51,709",False,False,"11,537,968","36,306",479,"3,730",,"16,486","15,611","376,836","107,125","248,581","21,130"
OKLAHOMA,False,2010,"24,147",False,False,"3,760,184","18,100",195,"1,469",,"3,345","13,091","129,464","37,848","81,303","10,313"
OREGON,False,2010,"13,859",False,False,"3,838,332","9,648",96,"1,239",,"2,421","5,892","116,657","20,035","87,494","9,128"
PENNSYLVANIA,False,2010,"48,087",False,False,"12,717,722","46,612",653,"3,472",,"16,375","26,112","276,366","55,206","204,440","16,720"
RHODE ISLAND,True,2010,"3,159",False,False,"1,052,528","2,709",29,298,,782,"1,600","26,959","6,124","18,432","2,403"
SOUTH CAROLINA,False,2010,"23,009",False,False,"4,637,106","27,923",265,"1,551",,"5,017","21,090","181,098","46,261","121,544","13,293"
SOUTH DAKOTA,False,2010,"3,393",False,False,"816,598","2,196",23,385,,154,"1,634","15,188","3,192","11,196",800
TENNESSEE,False,2010,"20,037",False,False,"6,357,436","38,909",359,"2,173",,"8,361","28,016","232,855","64,293","153,729","14,833"
TEXAS,False,2010,"160,242",False,False,"25,253,466","113,231","1,249","7,622",,"32,843","71,517","951,246","228,597","654,626","68,023"
UTAH,False,2010,"5,442",False,False,"2,775,479","5,925",53,983,,"1,269","3,620","88,316","15,095","67,242","5,979"
VERMONT,True,2010,"2,079",False,False,"625,909",820,7,141,,76,596,"14,160","3,348","10,373",439
VIRGINIA,False,2010,"31,911",False,False,"8,023,953","17,184",376,"1,580",,"5,678","9,550","187,403","30,804","145,990","10,609"
WASHINGTON,False,2010,"17,028",False,False,"6,742,950","21,138",154,"2,579",,"5,929","12,476","249,426","55,192","168,490","25,744"
WEST VIRGINIA,False,2010,"5,072",False,False,"1,854,368","5,586",58,362,,776,"4,390","41,301","10,778","28,104","2,419"
WISCONSIN,False,2010,"22,033",False,False,"5,691,659","14,167",155,"1,191",,"4,516","8,305","142,781","26,636","107,993","8,152"
WYOMING,False,2010,"2,092",False,False,"564,554","1,117",8,162,,77,870,"13,869","2,151","11,126",592
FEDERAL,False,2011,"214,774",,,,,,,,,,,,,
ALABAMA,False,2011,"26,813",True,False,"4,803,689","20,166",299,"1,370",,"4,906","13,591","173,192","51,119","111,411","10,662"
ALASKA,True,2011,"6,216",False,False,"723,860","4,416",30,436,,576,"3,374","19,094","2,852","14,854","1,388"
ARIZONA,False,2011,"39,949",False,False,"6,467,315","26,789",397,"2,499",,"7,145","16,748","229,896","54,695","155,400","19,801"
ARKANSAS,False,2011,"14,090",False,False,"2,938,582","14,173",160,"1,230",,"2,357","10,426","110,430","34,016","70,645","5,769"
CALIFORNIA,False,2011,"147,578",False,False,"37,683,933","154,943","1,792","7,665",,"54,291","91,195","973,822","230,075","596,905","146,842"
COLORADO,False,2011,"21,862",False,False,"5,116,302","16,085",155,"2,285",,"3,299","10,346","132,781","25,725","96,054","11,002"
CONNECTICUT,True,2011,"17,877",False,False,"3,586,717","9,889",129,689,,"3,689","5,382","77,205","15,468","55,067","6,670"
DELAWARE,True,2011,"6,546",False,False,"908,137","5,144",48,307,,"1,558","3,231","31,163","7,617","22,001","1,545"
FLORIDA,False,2011,"100,861",False,False,"19,082,262","98,198",984,"5,273",,"25,622","66,319","671,200","170,171","461,408","39,621"
GEORGIA,False,2011,"52,844",False,False,"9,812,460","36,762",549,"2,066",,"12,266","21,881","357,235","96,014","231,543","29,678"
HAWAII,True,2011,"5,454",False,False,"1,378,129","3,465",20,353,,994,"2,098","43,874","8,165","31,240","4,469"
IDAHO,False,2011,"7,470",False,False,"1,583,744","3,202",35,444,,188,"2,535","32,875","6,915","24,629","1,331"
ILLINOIS,False,2011,"48,427",False,True,"12,859,752","54,523",781,"3,030",,"20,217","30,495","344,468","77,719","237,362","29,387"
INDIANA,False,2011,"27,402",False,False,"6,516,353","21,619",306,"1,758",,"6,977","12,578","206,016","50,571","140,630","14,815"
IOWA,False,2011,"9,115",False,False,"3,064,097","7,883",44,866,,824,"6,149","72,043","17,573","50,472","3,998"
KANSAS,False,2011,"9,330",False,False,"2,870,386","10,209",111,"1,122",,"1,448","7,528","88,655","18,712","63,259","6,684"
KENTUCKY,False,2011,"14,001",False,False,"4,366,814","10,465",151,"1,499",,"3,705","5,110","119,037","32,750","79,586","6,701"
LOUISIANA,False,2011,"18,844",False,False,"4,574,766","25,373",506,"1,262",,"5,235","18,370","168,529","46,242","113,174","9,113"
MAINE,False,2011,"1,978",False,False,"1,328,544","1,638",26,394,,370,848,"33,829","7,865","24,886","1,078"
MARYLAND,False,2011,"23,001",False,False,"5,839,572","28,817",399,"1,200",,"10,342","16,876","166,846","35,823","114,951","16,072"
MASSACHUSETTS,False,2011,"11,467",False,False,"6,607,003","28,232",184,"1,654",,"6,768","19,626","148,829","36,403","101,644","10,782"
MICHIGAN,False,2011,"42,904",False,False,"9,876,801","43,731",617,"4,344",,"10,263","28,507","251,329","69,755","156,666","24,908"
MINNESOTA,False,2011,"9,309",False,False,"5,347,299","12,323",75,"2,113",,"3,385","6,750","136,183","25,681","102,354","8,148"
MISSISSIPPI,False,2011,"15,390",False,False,"2,977,457","8,009",232,863,,"2,496","4,418","89,809","30,722","54,179","4,908"
MISSOURI,False,2011,"30,969",False,False,"6,008,984","26,888",366,"1,469",,"6,275","18,778","199,085","44,875","138,879","15,331"
MONTANA,False,2011,"3,125",True,False,"997,667","2,755",29,366,,171,"2,189","23,885","3,347","19,089","1,449"
NEBRASKA,False,2011,"4,657",False,False,"1,842,234","4,672",68,699,,993,"2,912","50,894","8,725","38,060","4,109"
NEVADA,False,2011,"12,159",False,False,"2,720,028","15,452",139,913,,"4,308","10,092","70,075","20,342","40,156","9,577"
NEW HAMPSHIRE,False,2011,"2,423",False,False,"1,317,807","2,864",16,581,,509,"1,758","32,756","6,244","25,398","1,114"
NEW JERSEY,False,2011,"23,642",False,False,"8,834,773","27,203",380,"1,006",,"12,209","13,608","189,719","43,238","129,066","17,415"
NEW MEXICO,False,2011,"6,687",False,False,"2,078,674","11,904",158,856,,"1,720","9,170","73,549","21,419","46,730","5,400"
NEW YORK,False,2011,"55,196",False,False,"19,501,616","77,463",769,"2,751",,"28,405","45,538","371,837","65,227","287,361","19,249"
NORTH CAROLINA,False,2011,"39,662",False,False,"9,651,103","33,421",498,"1,959",,"9,448","21,516","337,806","105,534","215,453","16,819"
NORTH DAKOTA,False,2011,"1,385",False,False,"684,740","1,699",24,266,,91,"1,318","13,334","2,458","9,891",985
OHIO,False,2011,"50,961",False,False,"11,541,007","35,218",500,"3,679",,"15,991","15,048","380,572","112,901","246,744","20,927"
OKLAHOMA,False,2011,"23,750",False,False,"3,784,163","17,311",212,"1,410",,"3,288","12,401","127,618","36,462","80,064","11,092"
OREGON,False,2011,"13,728",False,False,"3,868,229","9,643",84,"1,239",,"2,237","6,083","121,869","20,704","92,059","9,106"
PENNSYLVANIA,False,2011,"49,710",False,False,"12,743,948","46,189",639,"3,339",,"16,165","26,046","283,442","57,966","208,604","16,872"
RHODE ISLAND,True,2011,"3,032",False,False,"1,050,646","2,586",20,319,,744,"1,503","27,976","6,836","18,765","2,375"
SOUTH CAROLINA,False,2011,"22,363",False,False,"4,673,348","27,894",320,"1,678",,"4,631","21,265","183,243","47,351","122,255","13,637"
SOUTH DAKOTA,False,2011,"3,562",False,False,"823,593","2,105",20,503,,167,"1,415","15,299","2,927","11,423",949
TENNESSEE,False,2011,"19,831",False,False,"6,399,787","38,895",380,"2,095",,"8,082","28,338","230,900","62,830","153,928","14,142"
TEXAS,False,2011,"159,956",False,False,"25,631,778","104,734","1,130","7,486",,"28,620","67,498","892,810","215,755","613,131","63,924"
UTAH,False,2011,"5,294",False,False,"2,814,347","5,547",50,901,,"1,079","3,517","84,084","13,170","64,727","6,187"
VERMONT,True,2011,"2,053",False,False,"626,592",925,11,146,,99,669,"15,086","3,838","10,720",528
VIRGINIA,False,2011,"30,531",False,False,"8,104,384","16,014",304,"1,591",,"5,425","8,694","182,902","30,656","142,476","9,770"
WASHINGTON,False,2011,"17,109",False,False,"6,823,267","20,152",163,"2,320",,"5,627","12,042","244,209","56,561","162,828","24,820"
WEST VIRGINIA,False,2011,"5,149",False,False,"1,854,908","5,497",87,372,,802,"4,236","39,009","10,245","26,656","2,108"
WISCONSIN,False,2011,"22,388",False,False,"5,709,843","14,268",138,"1,190",,"4,600","8,340","139,912","27,167","104,472","8,273"
WYOMING,False,2011,"2,162",False,False,"567,356","1,245",18,146,,71,"1,010","12,878","1,864","10,493",521
FEDERAL,False,2012,"216,915",,,,,,,,,,,,,
ALABAMA,False,2012,"26,768",False,False,"4,817,528","21,693",342,"1,296",,"5,020","15,035","168,878","47,481","111,523","9,874"
ALASKA,True,2012,"6,308",False,False,"730,307","4,412",30,583,,630,"3,169","20,037","2,950","15,565","1,522"
ARIZONA,False,2012,"40,013",False,False,"6,551,149","28,077",358,"2,282",,"7,383","18,054","231,701","52,911","159,808","18,982"
ARKANSAS,False,2012,"14,043",False,False,"2,949,828","13,851",174,"1,233",,"2,310","10,134","109,389","32,673","70,982","5,734"
CALIFORNIA,False,2012,"132,935",False,False,"37,999,878","160,944","1,884","7,837",,"56,521","94,702","1,049,465","245,767","635,090","168,608"
COLORADO,False,2012,"20,328",False,False,"5,189,458","15,951",152,"2,122",,"3,392","10,285","139,355","26,163","101,091","12,101"
CONNECTICUT,True,2012,"17,164",False,False,"3,591,765","10,183",117,933,,"3,709","5,424","77,169","14,787","55,904","6,478"
DELAWARE,True,2012,"6,730",False,False,"917,053","5,048",56,249,,"1,498","3,245","30,707","7,389","21,880","1,438"
FLORIDA,False,2012,"99,835",False,False,"19,320,749","94,087","1,009","5,260",,"23,889","63,929","632,988","153,563","442,095","37,330"
GEORGIA,False,2012,"55,178",False,False,"9,915,646","37,675",583,"2,143",,"12,502","22,447","339,473","86,992","223,875","28,606"
HAWAII,True,2012,"5,297",False,False,"1,390,090","3,378",21,279,,"1,125","1,953","43,419","7,653","31,901","3,865"
IDAHO,False,2012,"7,715",False,False,"1,595,590","3,348",30,495,,243,"2,580","31,825","7,240","23,203","1,382"
ILLINOIS,False,2012,"49,348",False,True,"12,868,192","53,556",770,"3,581",,"19,480","29,725","332,706","71,100","235,314","26,292"
INDIANA,False,2012,"28,034",False,False,"6,537,782","22,544",307,"1,661",,"6,601","13,975","197,994","47,689","136,668","13,637"
IOWA,False,2012,"8,735",False,False,"3,075,039","8,167",49,901,,962,"6,255","70,357","17,201","49,116","4,040"
KANSAS,False,2012,"9,505",False,False,"2,885,398","10,292",85,"1,105",,"1,493","7,609","91,066","18,874","65,413","6,779"
KENTUCKY,False,2012,"12,998",False,False,"4,379,730","9,852",201,"1,312",,"3,547","4,792","112,800","29,877","76,199","6,724"
LOUISIANA,False,2012,"18,601",False,False,"4,602,134","22,839",489,"1,155",,"5,458","15,737","162,673","42,037","112,764","7,872"
MAINE,False,2012,"1,977",False,False,"1,328,501","1,626",26,372,,420,808,"33,398","7,476","24,931",991
MARYLAND,False,2012,"21,810",False,False,"5,884,868","28,086",373,"1,237",,"10,173","16,303","162,309","33,803","113,550","14,956"
MASSACHUSETTS,False,2012,"11,127",False,False,"6,645,303","27,047",121,"1,650",,"6,555","18,721","143,325","34,635","99,453","9,237"
MICHIGAN,False,2012,"43,594",False,False,"9,882,519","44,962",701,"4,635",,"10,423","29,203","249,249","65,560","158,609","25,080"
MINNESOTA,False,2012,"9,421",False,False,"5,379,646","12,419",99,"1,638",,"3,475","7,207","138,152","25,378","104,316","8,458"
MISSISSIPPI,False,2012,"15,791",False,False,"2,986,450","7,769",213,819,,"2,277","4,460","83,933","28,084","51,520","4,329"
MISSOURI,False,2012,"31,205",False,False,"6,024,522","27,189",390,"1,527",,"5,782","19,490","199,813","42,510","140,971","16,332"
MONTANA,False,2012,"3,095",False,False,"1,005,494","2,803",29,392,,202,"2,180","26,102","3,920","20,484","1,698"
NEBRASKA,False,2012,"4,721",False,False,"1,855,350","4,802",52,710,,"1,128","2,912","51,203","8,745","38,301","4,157"
NEVADA,False,2012,"12,594",False,False,"2,754,354","16,763",124,931,,"4,918","10,790","77,510","22,120","45,372","10,018"
NEW HAMPSHIRE,False,2012,"2,568",False,False,"1,321,617","2,841",15,486,,471,"1,869","32,074","5,988","25,024","1,062"
NEW JERSEY,False,2012,"23,050",False,False,"8,867,749","25,727",388,"1,035",,"11,385","12,919","181,481","42,338","122,662","16,481"
NEW MEXICO,False,2012,"6,640",False,False,"2,083,540","11,660",116,957,,"1,847","8,740","75,094","21,384","48,247","5,463"
NEW YORK,False,2012,"54,058",True,False,"19,576,125","79,535",683,"2,837",,"28,633","47,382","375,268","64,389","293,562","17,317"
NORTH CAROLINA,False,2012,"37,378",False,False,"9,748,364","34,464",479,"1,984",,"9,392","22,609","328,594","99,323","213,151","16,120"
NORTH DAKOTA,False,2012,"1,413",False,False,"701,345","1,723",25,279,,127,"1,292","14,297","2,429","10,687","1,181"
OHIO,False,2012,"50,872",False,False,"11,553,031","34,827",478,"3,813",,"15,396","15,140","370,435","105,312","245,372","19,751"
OKLAHOMA,False,2012,"24,370",False,False,"3,815,780","18,102",220,"1,622",,"3,248","13,012","130,969","36,094","83,131","11,744"
OREGON,False,2012,"14,123",False,False,"3,899,801","9,638",91,"1,159",,"2,419","5,969","126,417","22,051","94,114","10,252"
PENNSYLVANIA,False,2012,"50,228",False,False,"12,764,475","45,384",707,"3,371",,"15,735","25,571","276,562","57,040","204,409","15,113"
RHODE ISLAND,True,2012,"3,042",False,False,"1,050,304","2,657",36,292,,715,"1,614","27,039","5,929","18,478","2,632"
SOUTH CAROLINA,False,2012,"21,867",False,False,"4,723,417","26,474",332,"1,712",,"4,511","19,919","181,049","45,222","122,340","13,487"
SOUTH DAKOTA,False,2012,"3,596",False,False,"834,047","2,701",23,600,,157,"1,921","17,326","3,280","12,973","1,073"
TENNESSEE,False,2012,"19,817",False,False,"6,454,914","41,213",400,"2,047",,"8,151","30,615","217,925","56,231","148,731","12,963"
TEXAS,False,2012,"155,195",False,False,"26,060,796","106,475","1,148","7,715",,"30,385","67,227","876,459","205,002","606,425","65,032"
UTAH,False,2012,"5,309",False,False,"2,854,871","5,939",52,975,,"1,105","3,807","86,284","13,095","67,157","6,032"
VERMONT,True,2012,"2,034",False,False,"625,953",891,8,131,,114,638,"15,653","4,179","11,014",460
VIRGINIA,False,2012,"29,708",False,False,"8,186,628","15,676",322,"1,505",,"4,718","9,131","178,434","29,651","139,654","9,129"
WASHINGTON,False,2012,"16,919",False,False,"6,895,318","20,553",217,"2,250",,"5,801","12,285","254,377","61,376","166,338","26,663"
WEST VIRGINIA,False,2012,"5,335",False,False,"1,856,680","5,943",70,415,,835,"4,623","44,500","11,466","30,800","2,234"
WISCONSIN,False,2012,"22,419",False,False,"5,724,554","16,254",169,"1,228",,"4,692","10,165","140,780","27,931","104,619","8,230"
WYOMING,False,2012,"2,187",False,False,"576,626","1,161",14,154,,61,932,"13,222","2,125","10,513",584
FEDERAL,False,2013,"214,989",,,,,,,,,,,,,
ALABAMA,False,2013,"26,825",False,False,"4,833,996","20,834",346,"1,449","2,055","4,645","13,788","161,835","42,410","108,862","10,563"
ALASKA,True,2013,"5,081",False,False,"737,259","4,709",34,657,925,623,"3,127","21,211","2,917","16,599","1,695"
ARIZONA,False,2013,"41,031",False,False,"6,634,997","27,576",355,"2,344","3,174","6,656","17,391","223,294","48,292","158,036","16,966"
ARKANSAS,False,2013,"14,295",False,False,"2,958,765","13,705",158,"1,135","1,490","2,261","9,796","106,477","30,369","70,430","5,678"
CALIFORNIA,False,2013,"134,339",False,False,"38,431,393","154,739","1,746","7,464","10,324","53,640","89,029","1,018,907","232,058","621,557","165,292"
COLORADO,False,2013,"20,184",False,False,"5,272,086","16,099",174,"2,198","2,963","3,136","9,826","139,974","25,075","102,375","12,524"
CONNECTICUT,True,2013,"17,319",False,False,"3,599,341","9,439",91,647,891,"3,551","4,906","71,274","12,934","52,099","6,241"
DELAWARE,True,2013,"6,798",False,False,"925,240","4,633",41,278,399,"1,233","2,960","29,001","6,299","21,347","1,355"
FLORIDA,False,2013,"100,940",False,False,"19,600,311","91,993",972,"4,765","6,767","23,200","61,054","607,170","138,915","433,344","34,911"
GEORGIA,False,2013,"53,701",False,False,"9,994,759","37,519",563,"2,022","2,891","12,704","21,361","339,808","83,459","229,190","27,159"
HAWAII,True,2013,"5,173",False,False,"1,408,987","3,585",32,366,508,934,"2,111","45,266","7,777","32,928","4,561"
IDAHO,False,2013,"7,219",False,False,"1,612,843","3,471",29,516,674,220,"2,548","30,230","6,693","21,999","1,538"
ILLINOIS,False,2013,"48,653",False,True,"12,890,552","51,956",722,"3,895","5,340","17,733","28,161","296,048","59,093","216,059","20,896"
INDIANA,False,2013,"28,495",False,False,"6,570,713","23,627",357,"1,623","2,241","7,114","13,915","187,472","42,754","130,534","14,184"
IOWA,False,2013,"8,707",False,False,"3,092,341","8,443",41,873,"1,133",937,"6,332","67,976","15,918","47,803","4,255"
KANSAS,False,2013,"9,610",False,False,"2,895,801","9,928",117,"1,003","1,295","1,339","7,177","85,704","17,476","61,557","6,671"
KENTUCKY,False,2013,"12,141",False,False,"4,399,583","9,280",172,951,"1,646","3,247","4,215","104,448","26,331","72,048","6,069"
LOUISIANA,False,2013,"18,794",False,False,"4,629,284","24,127",494,"1,248","1,763","5,539","16,331","165,679","41,214","115,300","9,165"
MAINE,False,2013,"2,073",False,False,"1,328,702","1,761",24,366,495,335,907,"30,454","6,480","23,063",911
MARYLAND,False,2013,"21,705",False,False,"5,938,737","28,235",384,"1,179","1,679","10,048","16,124","157,918","31,950","112,551","13,417"
MASSACHUSETTS,False,2013,"10,622",False,False,"6,708,874","27,264",138,"1,722","2,303","6,705","18,118","137,274","30,716","97,437","9,121"
MICHIGAN,False,2013,"43,704",False,False,"9,898,193","44,757",625,"4,506","6,785","10,093","27,254","230,135","56,256","149,794","24,085"
MINNESOTA,False,2013,"9,391",False,False,"5,422,060","12,710",114,"1,453","2,014","3,674","6,908","131,193","22,713","100,514","7,966"
MISSISSIPPI,False,2013,"15,591",False,False,"2,992,206","8,303",217,726,"1,024","2,413","4,649","81,548","24,969","52,192","4,387"
MISSOURI,False,2013,"31,499",False,False,"6,044,917","26,216",369,"1,679","2,305","5,486","18,056","189,655","38,797","134,514","16,344"
MONTANA,False,2013,"3,125",False,False,"1,014,864","2,924",23,382,467,217,"2,217","26,195","4,122","20,192","1,881"
NEBRASKA,False,2013,"5,012",False,False,"1,868,969","4,949",56,621,847,"1,035","3,011","49,197","8,945","35,791","4,461"
NEVADA,False,2013,"12,789",False,False,"2,791,494","16,888",163,"1,090","1,482","5,183","10,060","79,177","23,047","46,132","9,998"
NEW HAMPSHIRE,False,2013,"2,623",False,False,"1,322,616","2,952",21,522,778,647,"1,506","29,278","4,979","23,355",944
NEW JERSEY,False,2013,"22,263",False,False,"8,911,502","25,748",404,861,"1,189","12,084","12,071","167,634","35,883","118,005","13,746"
NEW MEXICO,False,2013,"6,767",False,False,"2,086,895","12,990",123,"1,135","1,565","1,832","9,470","78,958","21,828","51,146","5,984"
NEW YORK,False,2013,"53,312",False,False,"19,695,680","77,563",644,"2,575","3,548","27,241","46,130","358,603","56,444","286,676","15,483"
NORTH CAROLINA,False,2013,"37,176",False,False,"9,848,917","33,587",463,"1,790","2,524","9,275","21,325","305,631","90,182","201,043","14,406"
NORTH DAKOTA,False,2013,"1,576",False,False,"723,857","1,979",16,288,355,161,"1,447","15,356","2,979","10,942","1,435"
OHIO,False,2013,"51,711",False,False,"11,572,005","33,722",478,"3,594","4,391","14,483","14,370","338,414","91,090","227,799","19,525"
OKLAHOMA,False,2013,"25,364",False,False,"3,853,118","17,187",198,"1,715","2,314","3,023","11,652","126,418","33,512","81,624","11,282"
OREGON,False,2013,"14,605",False,False,"3,928,068","9,536",82,"1,000","1,464","2,394","5,596","125,083","20,808","94,363","9,912"
PENNSYLVANIA,False,2013,"49,971",False,False,"12,781,296","42,825",611,"2,728","3,795","14,739","23,680","263,176","52,000","197,410","13,766"
RHODE ISLAND,True,2013,"3,168",False,False,"1,053,354","2,710",31,333,449,683,"1,547","25,741","5,621","17,881","2,239"
SOUTH CAROLINA,False,2013,"21,534",False,False,"4,771,929","24,263",305,"1,739","2,233","3,965","17,760","173,261","40,930","119,730","12,601"
SOUTH DAKOTA,False,2013,"3,612",False,False,"845,510","2,733",18,454,507,156,"2,052","16,274","3,383","11,955",936
TENNESSEE,False,2013,"20,758",False,False,"6,497,269","38,063",335,"1,904","2,500","7,333","27,895","207,683","51,334","144,443","11,906"
TEXAS,False,2013,"155,377",False,False,"26,505,637","108,757","1,140","7,610","10,456","31,810","65,351","862,289","191,062","605,440","65,787"
UTAH,False,2013,"5,382",False,False,"2,902,787","6,644",51,926,"1,522","1,247","3,824","88,334","13,727","67,115","7,492"
VERMONT,True,2013,"2,078",False,False,"626,855",775,10,113,136,75,554,"13,882","3,352","10,193",337
VIRGINIA,False,2013,"29,985",False,False,"8,270,345","16,355",320,"1,476","2,350","4,574","9,111","171,558","26,717","136,215","8,626"
WASHINGTON,False,2013,"17,760",False,False,"6,973,742","20,223",167,"2,072","2,604","5,829","11,623","259,139","58,487","172,227","28,425"
WEST VIRGINIA,False,2013,"5,708",False,False,"1,853,595","5,657",62,367,700,653,"4,242","39,929","9,908","28,055","1,966"
WISCONSIN,False,2013,"22,443",False,False,"5,742,953","16,118",163,"1,308","1,836","4,834","9,285","125,694","24,358","93,946","7,390"
WYOMING,False,2013,"2,288",False,False,"583,223","1,212",17,144,204,74,917,"12,809","1,956","10,275",578
FEDERAL,False,2014,"209,561",,,,,,,,,,,,,
ALABAMA,False,2014,"26,145",False,False,"4,849,377","20,727",276,"1,436","2,005","4,701","13,745","154,094","39,715","104,238","10,141"
ALASKA,True,2014,"6,323",False,False,"736,732","4,684",41,555,771,629,"3,243","20,334","3,150","15,445","1,739"
ARIZONA,False,2014,"42,136",False,False,"6,731,484","26,916",319,"2,464","3,378","6,249","16,970","215,240","43,562","154,091","17,587"
ARKANSAS,False,2014,"15,250",False,False,"2,966,369","14,243",165,"1,182","1,763","2,050","10,265","99,018","24,790","68,627","5,601"
CALIFORNIA,False,2014,"134,430",False,False,"38,802,500","153,709","1,699","8,398","11,527","48,680","91,803","947,192","202,670","592,670","151,852"
COLORADO,False,2014,"20,469",False,False,"5,355,866","16,554",151,"2,121","3,039","3,039","10,325","135,510","23,472","99,464","12,574"
CONNECTICUT,True,2014,"16,814",False,False,"3,596,677","8,522",86,571,782,"3,159","4,495","69,070","11,955","51,005","6,110"
DELAWARE,True,2014,"6,730",False,False,"935,614","4,576",54,249,386,"1,269","2,867","27,900","5,768","20,865","1,267"
FLORIDA,False,2014,"100,873",False,False,"19,893,297","107,521","1,149","6,051","8,563","24,914","72,895","679,446","143,220","493,647","42,579"
GEORGIA,False,2014,"52,719",False,False,"10,097,343","38,097",580,"2,159","3,048","12,417","22,052","331,316","76,428","228,034","26,854"
HAWAII,True,2014,"5,390",False,False,"1,419,561","3,680",26,314,445,"1,107","2,102","43,297","7,778","31,640","3,879"
IDAHO,False,2014,"7,497",False,False,"1,634,464","3,468",32,468,609,204,"2,623","30,316","6,428","22,227","1,661"
ILLINOIS,False,2014,"48,278",False,True,"12,880,580","47,663",685,"3,081","4,159","15,299","27,520","267,385","50,008","199,926","17,451"
INDIANA,False,2014,"32,493",False,False,"6,596,855","24,099",330,"1,615","2,186","6,897","14,686","174,776","36,893","124,022","13,861"
IOWA,False,2014,"8,845",False,False,"3,107,126","8,497",60,828,"1,128","1,045","6,264","65,056","14,428","46,477","4,151"
KANSAS,False,2014,"9,539",False,False,"2,904,021","10,123",91,"1,075","1,411","1,362","7,259","79,431","15,828","56,697","6,906"
KENTUCKY,False,2014,"12,114",False,False,"4,413,457","9,340",160,883,"1,440","3,336","4,404","99,166","23,244","69,604","6,318"
LOUISIANA,False,2014,"18,710",False,False,"4,649,676","23,934",477,992,"1,375","5,695","16,387","160,824","38,337","112,596","9,891"
MAINE,False,2014,"2,199",False,False,"1,330,089","1,700",21,360,485,304,890,"26,421","5,030","20,592",799
MARYLAND,False,2014,"21,266",False,False,"5,976,407","26,661",365,"1,144","1,619","9,544","15,133","149,859","28,012","108,745","13,102"
MASSACHUSETTS,False,2014,"10,447",False,False,"6,745,408","26,399",132,"1,629","2,180","6,036","18,051","125,267","24,964","92,043","8,260"
MICHIGAN,False,2014,"43,359",False,False,"9,909,877","42,348",535,"4,049","6,273","8,021","27,519","202,547","44,184","137,206","21,157"
MINNESOTA,False,2014,"9,576",False,False,"5,457,173","12,505",88,"1,452","2,001","3,687","6,729","125,377","20,773","96,237","8,367"
MISSISSIPPI,False,2014,"13,069",False,False,"2,994,079","8,338",258,764,"1,058","2,430","4,592","87,462","24,352","58,591","4,519"
MISSOURI,False,2014,"31,903",False,False,"6,063,589","26,856",403,"1,706","2,379","5,592","18,482","176,237","35,258","124,622","16,357"
MONTANA,False,2014,"3,119",False,False,"1,023,579","3,313",37,430,541,203,"2,532","25,312","3,595","19,674","2,043"
NEBRASKA,False,2014,"5,228",False,False,"1,881,503","5,275",54,620,862,"1,043","3,316","47,479","7,950","35,074","4,455"
NEVADA,False,2014,"12,693",False,False,"2,839,099","18,045",170,995,"1,357","5,954","10,564","74,538","21,927","42,426","10,185"
NEW HAMPSHIRE,False,2014,"2,723",False,False,"1,326,813","2,602",12,458,594,537,"1,459","26,041","4,162","21,022",857
NEW JERSEY,False,2014,"21,394",False,False,"8,938,175","23,346",349,953,"1,274","10,498","11,225","154,993","31,710","111,578","11,705"
NEW MEXICO,False,2014,"6,948",False,False,"2,085,572","12,459",101,"1,071","1,475","2,086","8,797","73,877","18,505","49,082","6,290"
NEW YORK,False,2014,"52,362",False,False,"19,746,227","75,398",617,"3,918","5,433","24,045","45,303","339,282","50,781","272,765","15,736"
NORTH CAROLINA,False,2014,"37,348",False,False,"9,943,964","32,767",510,"1,740","2,420","8,416","21,421","285,697","79,373","192,694","13,630"
NORTH DAKOTA,False,2014,"1,696",False,False,"739,482","1,960",22,276,358,173,"1,407","15,605","2,707","11,384","1,514"
OHIO,False,2014,"51,521",False,False,"11,594,163","33,030",464,"4,097","5,042","12,753","14,771","324,528","78,845","227,668","18,015"
OKLAHOMA,False,2014,"26,493",False,False,"3,878,051","15,744",175,"1,277","1,777","3,048","10,744","115,982","29,508","75,891","10,583"
OREGON,False,2014,"14,492",False,False,"3,970,239","9,224",81,"1,052","1,458","2,093","5,592","114,305","17,230","87,526","9,549"
PENNSYLVANIA,False,2014,"49,174",False,False,"12,787,209","40,164",614,"2,787","3,827","13,534","22,189","247,016","45,720","188,256","13,040"
RHODE ISLAND,True,2014,"3,133",False,False,"1,055,173","2,313",25,253,361,529,"1,398","22,935","4,823","16,279","1,833"
SOUTH CAROLINA,False,2014,"20,948",False,False,"4,832,482","24,052",311,"1,480","2,068","3,997","17,676","167,217","36,721","117,594","12,902"
SOUTH DAKOTA,False,2014,"3,507",False,False,"853,175","2,786",20,413,470,200,"2,096","15,902","2,818","12,077","1,007"
TENNESSEE,False,2014,"20,815",False,False,"6,549,352","39,848",371,"1,861","2,531","7,265","29,681","200,447","46,642","141,206","12,599"
TEXAS,False,2014,"154,247",False,False,"26,956,958","109,414","1,184","8,236","11,393","31,181","65,656","813,934","169,234","576,154","68,546"
UTAH,False,2014,"5,307",False,False,"2,942,902","6,346",67,945,"1,454","1,312","3,513","84,711","11,518","65,895","7,298"
VERMONT,True,2014,"1,979",False,False,"626,562",622,10,99,110,70,432,"9,551","2,034","7,273",244
VIRGINIA,False,2014,"30,050",False,False,"8,326,289","16,340",338,"1,432","2,310","4,292","9,400","160,720","23,122","129,933","7,665"
WASHINGTON,False,2014,"17,180",False,False,"7,061,530","20,136",174,"2,171","2,695","5,640","11,627","261,706","55,290","175,769","30,647"
WEST VIRGINIA,False,2014,"5,867",False,False,"1,850,326","5,588",74,285,505,651,"4,358","37,648","8,973","26,779","1,896"
WISCONSIN,False,2014,"22,572",False,False,"5,757,564","16,714",165,"1,168","1,674","5,066","9,809","120,238","21,216","89,103","9,919"
WYOMING,False,2014,"2,369",False,False,"584,153","1,142",16,126,174,53,899,"11,477","1,689","9,185",603
FEDERAL,False,2015,"195,622",,,,,,,,,,,,,
ALABAMA,False,2015,"25,212",False,False,4858979,22952,348,1456,2039,4611,15954,144746,35255,99156,10335
ALASKA,True,2015,"5,247",False,False,738432,5392,59,650,901,761,3671,20806,3511,15249,2046
ARIZONA,False,2015,"42,204",False,False,6828065,28012,309,2294,3108,6360,18235,207107,37957,152365,16785
ARKANSAS,False,2015,"15,784",False,False,2978204,15526,181,1300,1931,2098,11316,96836,22640,68424,5772
CALIFORNIA,False,2015,"127,815",False,False,39144818,166883,1861,9387,12811,52862,99349,1024914,197404,656517,170993
COLORADO,False,2015,"19,959",False,False,5456574,17515,176,2377,3257,3323,10759,144136,23454,104682,16000
CONNECTICUT,True,2015,"16,024",False,False,3590886,7845,117,582,773,2892,4063,65066,10053,48675,6338
DELAWARE,True,2015,"6,437",False,False,945934,4720,63,243,341,1235,3081,25455,4773,19501,1181
FLORIDA,False,2015,"99,485",False,False,20271272,93626,1041,5430,7553,21137,63895,570270,109268,420341,40661
GEORGIA,False,2015,"52,002",True,False,10214860,38643,615,2296,3224,12247,22557,308723,66374,215867,26482
HAWAII,True,2015,"5,413",False,False,1431603,4201,19,400,561,1203,2418,54346,6557,42010,5779
IDAHO,False,2015,"7,238",False,False,1654930,3568,32,533,694,192,2650,28858,6124,20863,1871
ILLINOIS,False,2015,"46,240",False,False,12859995,49354,744,3549,4821,14910,28879,255729,46443,191634,17652
INDIANA,False,2015,"26,586",False,False,6619680,25653,373,1789,2404,7111,15765,171847,34410,123918,13519
IOWA,False,2015,"8,864",False,False,3123899,8936,72,851,1156,1047,6661,63957,14892,44723,4342
KANSAS,False,2015,"9,533",False,False,2911641,11353,128,1251,1615,1818,7792,79199,15362,56880,6957
KENTUCKY,False,2015,"11,959",False,False,4425092,9676,209,997,1492,3307,4668,96362,22260,66320,7782
LOUISIANA,False,2015,"18,447",False,False,4670724,25208,481,1260,1723,5550,17454,156629,35453,111435,9741
MAINE,False,2015,"2,190",False,False,1329328,1729,23,354,474,311,921,24327,4684,18829,814
MARYLAND,False,2015,"20,951",False,False,6006401,27462,516,1184,1666,9863,15417,139048,25678,100219,13151
MASSACHUSETTS,False,2015,"9,493",False,False,6794422,26562,128,1608,2075,5288,19071,114871,21890,84912,8069
MICHIGAN,False,2015,"42,628",False,False,9922576,41231,571,4163,6450,7796,26414,187101,40041,131296,15764
MINNESOTA,False,2015,"9,578",False,False,5489594,13319,133,1686,2321,3771,7094,121984,19299,94704,7981
MISSISSIPPI,False,2015,"13,967",False,False,2992333,8254,259,862,1203,2294,4498,84790,24799,55748,4243
MISSOURI,False,2015,"32,295",False,False,6083672,30261,502,1854,2553,6376,20830,173642,34006,122637,16999
MONTANA,False,2015,"3,176",False,False,1032949,3611,36,431,547,210,2818,27100,3838,20844,2418
NEBRASKA,False,2015,"5,133",False,False,1896190,5212,62,652,873,994,3283,42495,6422,32072,4001
NEVADA,False,2015,"13,235",False,False,2890845,20118,178,1238,1688,6287,11965,77137,22360,43426,11351
NEW HAMPSHIRE,False,2015,"2,661",False,False,1330608,2652,14,461,627,468,1543,23229,3467,18871,891
NEW JERSEY,False,2015,"20,294",False,False,8958013,22879,363,1019,1373,9729,11414,145701,27960,105963,11778
NEW MEXICO,False,2015,"7,104",False,False,2085109,13681,117,1215,1672,2485,9407,77094,17085,51483,8526
NEW YORK,False,2015,"51,485",,,,,,,,,,,,,
NORTH CAROLINA,False,2015,"36,888",False,False,10042802,34852,517,1939,2684,8825,22826,276183,74841,187907,13435
NORTH DAKOTA,False,2015,"1,772",False,False,756927,1812,21,276,345,148,1298,16020,2997,11440,1583
OHIO,False,2015,"52,240",False,False,11613423,33898,500,4154,5149,12554,15695,300525,69303,213993,17229
OKLAHOMA,False,2015,"27,321",False,False,3911338,16506,234,1352,1849,3005,11418,112878,28406,74022,10450
OREGON,False,2015,"14,655",False,False,4028977,10468,99,1164,1593,2146,6630,118719,18336,89836,10547
PENNSYLVANIA,False,2015,"48,846",False,False,12802503,40339,658,3122,4305,13003,22373,232085,39664,180287,12134
RHODE ISLAND,True,2015,"2,982",False,False,1056298,2562,29,338,459,556,1518,20043,3947,14707,1389
SOUTH CAROLINA,False,2015,"20,457",False,False,4896146,24700,399,1707,2297,3931,18073,161245,34551,113724,12970
SOUTH DAKOTA,False,2015,"3,536",False,False,858469,3289,32,441,495,216,2546,16680,2960,12532,1188
TENNESSEE,False,2015,"19,800",False,False,6600299,40400,406,1966,2676,7474,29844,193796,43247,137679,12870
TEXAS,False,2015,"152,492",False,False,27469114,113227,1316,8925,12250,31934,67727,777739,153054,557200,67485
UTAH,False,2015,"4,831",False,False,2995919,7071,54,1098,1645,1326,4046,89278,12468,68103,8707
VERMONT,True,2015,"1,750",False,False,626042,739,10,121,136,101,492,8806,1968,6660,178
VIRGINIA,False,2015,"30,430",False,False,8382993,16399,383,1493,2340,4441,9235,156470,21340,127019,8111
WASHINGTON,False,2015,"17,222",False,False,7170351,20394,211,2193,2705,5449,12029,248369,50993,170509,26867
WEST VIRGINIA,False,2015,"5,925",False,False,1844128,6231,70,420,672,760,4729,37251,9170,25842,2239
WISCONSIN,False,2015,"22,914",False,False,5771337,17647,240,1224,1780,5232,10395,113924,19554,83385,10985
WYOMING,False,2015,"2,400",False,False,586107,1302,16,125,173,59,1054,11151,1762,8797,592
FEDERAL,False,2016,"188,311",,,,,,,,,,,,,
ALABAMA,False,2016,"23,745",False,False,4860545,25878,407,,1915,4687,18869,143259,34045,97498,11716
ALASKA,True,2016,"4,378",False,False,741522,5966,52,,1053,850,4011,24876,4053,17766,3057
ARIZONA,False,2016,"42,248",False,False,6908642,32542,389,,3304,7045,21804,207317,38216,150618,18483
ARKANSAS,False,2016,"15,833",False,False,2988231,16563,217,,2214,2125,12007,98092,23814,67091,7187
CALIFORNIA,False,2016,"129,416",False,False,39296476,174796,1930,,13702,54789,104375,1002070,188304,637010,176756
COLORADO,False,2016,"19,486",False,False,5530105,19030,189,,3635,3525,11681,152146,23825,108680,19641
CONNECTICUT,True,2016,"15,040",False,False,3587685,8169,79,,791,2711,4588,64875,10107,47642,7126
DELAWARE,True,2016,"6,334",False,False,952698,4859,58,,311,1359,3131,26370,5028,19812,1530
FLORIDA,False,2016,"98,010",False,False,20656589,88700,1111,,7598,20175,59816,553812,100325,410352,43135
GEORGIA,False,2016,"53,433",False,False,10313620,40268,682,,3381,12114,24091,307305,62715,218127,26463
HAWAII,True,2016,"5,182",False,False,1428683,3452,35,,601,985,1831,42353,5983,30871,5499
IDAHO,False,2016,"7,221",False,False,1680026,3876,49,,719,213,2895,29357,6318,20962,2077
ILLINOIS,False,2016,"43,616",False,False,12835726,56054,1061,,5003,17829,32161,263256,48193,195196,19867
INDIANA,False,2016,"25,143",False,False,6634007,26516,431,,2449,7291,16345,168460,33567,120454,14439
IOWA,False,2016,"9,049",False,False,3130869,9170,73,,1278,1150,6669,65888,15306,45580,5002
KANSAS,False,2016,"9,653",False,False,2907731,11665,132,,1618,1757,8158,82293,14759,60119,7415
KENTUCKY,False,2016,"11,867",False,False,4436113,10452,265,,1748,3371,5068,97713,20932,66833,9948
LOUISIANA,False,2016,"15,059",False,False,4686157,26477,555,,1819,5575,18528,154511,34689,109492,10330
MAINE,False,2016,"2,356",False,False,1330232,1649,20,,413,268,948,21908,4001,17131,776
MARYLAND,False,2016,"20,236",False,False,6024752,29019,536,,1827,10815,15841,139716,24832,100995,13889
MASSACHUSETTS,False,2016,"9,038",False,False,6823721,25975,135,,2141,5365,18334,106430,19204,79155,8071
MICHIGAN,False,2016,"41,122",False,False,9933445,45782,612,,7268,7123,30779,190249,39738,130249,20262
MINNESOTA,False,2016,"9,509",False,False,5525050,13365,101,,2349,3730,7185,117723,18582,90421,8720
MISSISSIPPI,False,2016,"13,720",False,False,2985415,8411,237,,1282,2433,4459,82521,23489,54725,4307
MISSOURI,False,2016,"32,427",False,False,6091176,31720,538,,2557,6576,22049,170661,31716,120649,18296
MONTANA,False,2016,"3,199",False,False,1038656,3886,37,,598,268,2983,28156,3966,21427,2763
NEBRASKA,False,2016,"5,167",False,False,1907603,5661,49,,1108,946,3558,43197,6459,32009,4729
NEVADA,False,2016,"13,932",False,False,2939254,19924,228,,1729,6338,11629,75922,18816,43949,13157
NEW HAMPSHIRE,False,2016,"2,599",False,False,1335015,2668,19,,609,431,1609,20323,2989,16454,880
NEW JERSEY,False,2016,"19,458",False,False,8978416,21861,378,,1454,8940,11089,138012,25229,101459,11324
NEW MEXICO,False,2016,"6,996",False,False,2085432,14585,139,,1527,2737,10182,81930,17280,52907,11743
NEW YORK,False,2016,"50,611",False,False,19836286,74315,629,,6281,22310,45095,305224,39850,250990,14384
NORTH CAROLINA,False,2016,"35,970",False,False,10156689,37767,678,,2847,9336,24906,277765,72082,190377,15306
NORTH DAKOTA,False,2016,"1,639",False,False,755548,1905,16,,356,181,1352,17451,3248,12249,1954
OHIO,False,2016,"52,172",False,False,11622554,35759,683,,5754,12574,16748,300945,67081,214102,19762
OKLAHOMA,False,2016,"26,367",False,False,3921207,17855,247,,2100,3174,12334,118010,29376,76358,12276
OREGON,False,2016,"14,579",False,False,4085989,10983,116,,1784,2307,6776,121716,16919,91507,13290
PENNSYLVANIA,False,2016,"48,287",False,False,12787085,40389,674,,4459,12314,22942,222394,35178,174147,13069
RHODE ISLAND,True,2016,"2,887",False,False,1057566,2529,29,,445,541,1514,18910,3650,14157,1103
SOUTH CAROLINA,False,2016,"20,376",False,False,4959822,25137,358,,2491,4071,18217,161534,33149,114455,13930
SOUTH DAKOTA,False,2016,"3,770",False,False,861542,3636,28,,526,274,2808,17207,3002,12705,1500
TENNESSEE,False,2016,"21,539",False,False,6649404,42459,495,,2803,7829,31332,191199,40607,135353,15239
TEXAS,False,2016,"151,276",False,False,27904862,121064,1478,,13446,33298,72842,769892,148796,552106,68990
UTAH,False,2016,"4,502",False,False,3044321,7406,74,,1560,1528,4244,90561,12938,68261,9362
VERMONT,True,2016,"1,735",False,False,623354,851,14,,170,78,589,9705,1884,7637,184
VIRGINIA,False,2016,"29,882",False,False,8414380,18495,482,,2830,4826,10357,157292,20159,127285,9848
WASHINGTON,False,2016,"17,228",False,False,7280934,22101,195,,3133,5649,13124,254994,49249,173423,32322
WEST VIRGINIA,False,2016,"5,899",False,False,1828637,6633,85,,684,720,5144,37282,9127,25657,2498
WISCONSIN,False,2016,"23,163",False,False,5772917,17716,232,,2005,4707,10772,111911,19498,82455,9958
WYOMING,False,2016,"2,352",False,False,584910,1431,20,,206,59,1146,11460,1771,8889,800
